DROP DATABASE IF EXISTS vk;
CREATE DATABASE vk;
USE vk;

DROP TABLE IF EXISTS `users`;
CREATE TABLE `users` (
  `id` bigint(20) unsigned NOT NULL AUTO_INCREMENT,
  `firstname` varchar(50) COLLATE utf8_unicode_ci DEFAULT NULL,
  `lastname` varchar(50) COLLATE utf8_unicode_ci DEFAULT NULL COMMENT 'Фамиль',
  `email` varchar(120) COLLATE utf8_unicode_ci DEFAULT NULL,
  `phone` bigint(20) DEFAULT NULL,
  PRIMARY KEY (`id`),
  UNIQUE KEY `email` (`email`),
  KEY `users_phone_idx` (`phone`),
  KEY `users_firstname_lastname_idx` (`firstname`,`lastname`)
) ENGINE=InnoDB AUTO_INCREMENT=101 DEFAULT CHARSET=utf8 COLLATE=utf8_unicode_ci;

INSERT INTO `users` VALUES ('1','Jadyn','Jerde','kasey.treutel@example.org','0'),
('2','Eleonore','Collins','dallin42@example.com','1'),
('3','Victoria','Pfeffer','lester94@example.org','608536'),
('4','Jabari','Schaefer','erich.green@example.com','778913203'),
('5','Oleta','Maggio','jettie49@example.com','1'),
('6','Dayne','Leffler','mueller.wiley@example.com','852554'),
('7','Isabell','Gutkowski','bernadette12@example.com','951899'),
('8','Alex','Effertz','gjacobs@example.com','0'),
('9','Axel','Streich','vivienne.green@example.com','970155'),
('10','Libbie','Kub','rachael.moore@example.org','0'),
('11','Louie','Eichmann','tad.quitzon@example.net','1'),
('12','Yvette','Spinka','werner.koch@example.com','0'),
('13','Lloyd','Marvin','prenner@example.org','5075108764'),
('14','Gunner','Bednar','amely67@example.org','0'),
('15','Claire','Legros','bashirian.cydney@example.org','637767'),
('16','Durward','Beatty','kuhlman.zaria@example.com','4551395339'),
('17','Mavis','Connelly','johns.maida@example.org','1'),
('18','Abbey','O\'Kon','norberto.wehner@example.net','1'),
('19','Ova','Thiel','katelin66@example.org','4568171427'),
('20','Norbert','Turner','sid86@example.net','1'),
('21','Pietro','Considine','jewell21@example.com','7839'),
('22','Jadon','Langworth','roma88@example.com','251'),
('23','Hilda','Howell','robb.smith@example.com','31'),
('24','Eric','Welch','janessa97@example.net','716077'),
('25','Eudora','Keeling','sedrick01@example.org','1'),
('26','Deonte','Prosacco','feeney.imani@example.org','794'),
('27','Letitia','Harris','wmertz@example.net','669206'),
('28','Al','Heaney','gregg.okuneva@example.net','733811'),
('29','Jaylen','Heaney','gaylord.betsy@example.org','796473382'),
('30','Scot','McKenzie','marcel33@example.com','1'),
('31','Uriel','Murazik','sauer.myah@example.org','1'),
('32','Lea','Ritchie','davis.rossie@example.org','690'),
('33','Novella','Rice','carlo90@example.com','476932'),
('34','Easton','Gulgowski','adelia.hoeger@example.com','1'),
('35','Juliet','Hudson','christopher.walter@example.net','674927'),
('36','Tara','Hyatt','khalil32@example.net','1'),
('37','Carley','Prosacco','mbeer@example.net','24'),
('38','Evangeline','Kuhlman','williamson.gail@example.net','0'),
('39','Salma','Orn','legros.bertram@example.org','710675'),
('40','Kailey','Hahn','jerde.lorna@example.com','1'),
('41','Ernesto','Hyatt','pink72@example.net','0'),
('42','Deshawn','D\'Amore','batz.chris@example.net','397493'),
('43','Juanita','Beatty','von.jaron@example.org','1'),
('44','Cesar','Moen','schaden.jovanny@example.com','1'),
('45','Estel','Hartmann','borer.shanna@example.net','0'),
('46','Fredy','Volkman','xstracke@example.org','1'),
('47','Destany','Effertz','collier.nicolas@example.com','361'),
('48','Rhea','Herman','estracke@example.org','0'),
('49','Nicole','Veum','windler.alta@example.org','992'),
('50','Adah','Feil','grimes.payton@example.net','1'),
('51','Treva','Crona','marietta85@example.com','72'),
('52','Werner','Wiegand','spinka.camila@example.com','0'),
('53','Maribel','O\'Conner','walsh.roma@example.net','0'),
('54','Domenic','Lueilwitz','ospencer@example.org','184'),
('55','Esther','Gutmann','fschamberger@example.net','1'),
('56','Gerard','Franecki','kelton96@example.com','11'),
('57','Jeremy','Kuhn','rrodriguez@example.net','5026989489'),
('58','Shanel','Blick','javonte.koepp@example.com','745722'),
('59','Cassandra','Crooks','gino42@example.org','1'),
('60','Kelton','Bednar','simeon.wunsch@example.com','89'),
('61','Blake','Huel','fabian.herman@example.org','700367'),
('62','Laverna','Miller','nolan.jamal@example.org','0'),
('63','Kaley','Cartwright','erunolfsson@example.org','69'),
('64','Odessa','Pagac','stiedemann.mateo@example.org','0'),
('65','Ewell','Hettinger','buford.turcotte@example.com','17'),
('66','Darrel','Halvorson','niko06@example.net','1'),
('67','Gunner','Donnelly','sigmund.barton@example.org','0'),
('68','Casper','Hauck','xarmstrong@example.net','878'),
('69','Alyson','Rolfson','sammie19@example.net','0'),
('70','Rita','Dach','arunolfsdottir@example.net','867'),
('71','Delphia','Cormier','eliseo.crona@example.com','567665'),
('72','Jadon','Torphy','druecker@example.org','696044'),
('73','Hilma','Larson','jaclyn83@example.net','476878'),
('74','Geraldine','Hudson','turner.tracy@example.org','191'),
('75','Kristin','Feest','malinda44@example.net','1'),
('76','Jalon','Monahan','eolson@example.com','33863'),
('77','Donna','Lynch','mohammed.upton@example.org','303482'),
('78','Abby','Wisozk','kemmer.letha@example.org','0'),
('79','Reuben','Spinka','kale48@example.net','26'),
('80','Marshall','Witting','jorn@example.net','420445'),
('81','Kelli','Hettinger','roberts.hailey@example.org','499456'),
('82','Nicola','Wyman','kluettgen@example.net','1'),
('83','Pietro','Schneider','annette42@example.com','49'),
('84','Gina','Toy','eduardo.rau@example.com','4419518491'),
('85','Franz','Zemlak','weber.gabrielle@example.net','260562'),
('86','Jerrold','Bartoletti','jamar30@example.org','0'),
('87','Ramiro','Stiedemann','cleo.raynor@example.org','854'),
('88','Magdalena','Thiel','mkling@example.org','952'),
('89','Effie','Yundt','weissnat.clifton@example.org','729'),
('90','Hertha','Weissnat','ilittle@example.com','0'),
('91','Garnet','Hintz','jody.schmitt@example.net','1'),
('92','Silas','Hermann','frankie.pagac@example.net','0'),
('93','Lottie','Leannon','jorge39@example.com','0'),
('94','Shanna','Green','aric50@example.org','0'),
('95','Jenifer','Adams','lilla21@example.org','96'),
('96','Titus','Will','heller.lelah@example.net','77'),
('97','Elijah','Huels','rortiz@example.net','1'),
('98','Keyshawn','Borer','veda.beahan@example.net','210590'),
('99','Lurline','Abbott','habernathy@example.org','109'),
('100','Rylee','Graham','jody89@example.net','0'); 

DROP TABLE IF EXISTS `media_types`;
CREATE TABLE `media_types` (
  `id` bigint(20) unsigned NOT NULL AUTO_INCREMENT,
  `name` varchar(255) COLLATE utf8_unicode_ci DEFAULT NULL,
  `created_at` datetime DEFAULT current_timestamp(),
  `updated_at` datetime DEFAULT current_timestamp() ON UPDATE current_timestamp(),
  PRIMARY KEY (`id`)
) ENGINE=InnoDB AUTO_INCREMENT=101 DEFAULT CHARSET=utf8 COLLATE=utf8_unicode_ci;

INSERT INTO `media_types` VALUES ('1','quia','2000-04-29 10:09:31','1999-11-17 19:55:11'),
('2','et','1988-04-01 15:27:31','2017-06-20 03:34:37'),
('3','in','1972-02-09 20:44:15','1997-09-16 19:24:54'),
('4','repellendus','2018-02-24 00:25:37','1979-12-23 00:21:20'),
('5','aut','2010-06-18 12:43:54','1996-11-18 12:19:13'),
('6','reiciendis','1972-04-03 02:05:44','1984-11-11 08:23:17'),
('7','quia','1990-07-08 11:57:11','1994-08-21 09:43:37'),
('8','inventore','2013-07-21 17:10:55','2008-10-18 11:10:36'),
('9','aliquid','1998-08-23 21:47:14','1989-08-16 02:49:37'),
('10','repudiandae','2012-12-11 12:25:46','1995-11-13 00:11:54'),
('11','et','1991-05-28 07:44:48','1999-11-03 21:52:30'),
('12','quo','1999-02-02 09:05:56','2010-06-16 01:15:05'),
('13','dolores','2009-01-20 21:17:58','2008-12-29 08:06:50'),
('14','et','1971-05-13 21:05:10','1997-12-18 18:32:40'),
('15','ea','1976-02-29 16:04:32','1992-08-06 06:17:18'),
('16','est','1976-01-27 17:32:15','2000-01-09 16:09:34'),
('17','et','1990-04-05 19:31:02','2011-01-10 05:18:42'),
('18','adipisci','2009-08-22 12:07:37','1980-03-17 06:31:31'),
('19','sunt','2000-12-24 10:21:24','1995-11-12 16:51:04'),
('20','quo','1989-04-04 07:10:25','1986-09-07 18:37:22'),
('21','omnis','1974-08-14 17:54:43','1974-09-07 22:51:18'),
('22','voluptate','2003-12-04 00:05:42','1980-06-26 18:31:42'),
('23','aliquid','2014-06-17 00:20:22','1999-03-20 18:17:02'),
('24','et','1976-07-25 19:48:37','1992-04-08 06:01:39'),
('25','reprehenderit','1986-11-15 09:59:10','2006-09-29 05:53:05'),
('26','facere','2001-07-18 21:22:42','1988-09-29 21:20:07'),
('27','ipsa','2015-04-14 04:24:01','1987-02-19 06:08:32'),
('28','omnis','1975-04-24 18:12:24','1996-07-12 13:18:30'),
('29','id','1979-05-04 20:18:46','2009-03-01 23:59:42'),
('30','temporibus','1982-08-14 02:51:31','1976-10-20 02:05:19'),
('31','qui','2008-04-26 04:56:36','1992-10-19 07:54:21'),
('32','facere','2008-08-16 14:53:18','1970-11-16 02:46:38'),
('33','dolorem','1975-11-21 07:19:45','1973-09-23 01:46:53'),
('34','dignissimos','1985-12-21 16:27:15','1980-08-17 07:09:42'),
('35','ea','1987-01-03 10:17:49','1970-02-21 12:59:08'),
('36','soluta','1998-03-22 00:52:45','2003-12-06 00:35:54'),
('37','enim','1981-04-24 01:57:29','1983-04-07 08:06:47'),
('38','qui','1980-07-19 18:25:32','1973-12-03 07:03:56'),
('39','voluptatem','1980-01-21 00:06:45','2015-08-13 20:28:35'),
('40','ex','1983-12-04 21:06:29','1990-12-15 11:05:08'),
('41','et','1987-05-30 12:31:00','2001-12-31 23:47:19'),
('42','enim','1996-11-29 11:25:54','1975-03-16 18:12:29'),
('43','molestiae','1972-12-31 10:27:43','1977-04-20 21:35:13'),
('44','non','1972-05-27 15:13:22','1988-02-12 08:57:37'),
('45','temporibus','2007-05-09 12:27:53','1996-09-23 07:29:22'),
('46','aut','2002-03-31 02:41:52','1973-07-26 18:24:49'),
('47','in','2015-08-21 01:09:21','2003-02-17 10:05:32'),
('48','sit','1982-07-24 13:02:13','1999-09-27 23:55:26'),
('49','in','2013-07-10 08:00:32','2002-08-20 09:58:39'),
('50','ratione','1976-09-30 19:03:16','1983-07-30 02:26:26'),
('51','adipisci','1990-08-02 11:36:35','1972-03-12 04:59:32'),
('52','nostrum','2007-03-04 23:47:39','1990-11-11 04:31:27'),
('53','est','1998-04-10 08:24:05','1981-11-01 22:21:53'),
('54','in','1978-11-23 02:22:32','2014-04-11 01:31:13'),
('55','quibusdam','2013-01-02 23:41:11','1994-02-04 00:07:48'),
('56','fuga','2013-03-17 07:50:22','2012-12-05 16:53:20'),
('57','aut','1998-02-23 14:58:36','1978-08-29 14:38:57'),
('58','aspernatur','1985-06-22 22:52:15','1980-07-20 01:00:52'),
('59','fugiat','2009-02-26 20:19:16','1998-10-17 16:32:57'),
('60','placeat','1990-05-25 04:42:31','2014-02-19 10:55:13'),
('61','est','1986-03-14 11:03:59','1983-05-31 02:17:49'),
('62','natus','1984-09-27 17:32:23','1996-02-03 00:09:40'),
('63','fuga','1987-03-16 11:43:06','2003-03-09 02:26:38'),
('64','aut','2006-12-18 08:44:21','1989-08-07 06:29:06'),
('65','adipisci','1984-06-08 17:53:57','1997-06-28 03:16:26'),
('66','expedita','2010-06-28 18:54:44','2014-02-16 06:10:15'),
('67','et','1975-04-28 13:29:29','1997-11-23 18:29:06'),
('68','voluptatem','1984-08-10 08:33:50','1992-03-30 14:53:29'),
('69','consequuntur','2012-12-10 23:54:03','1981-07-25 17:32:18'),
('70','mollitia','2016-07-16 20:29:16','2008-10-19 00:19:50'),
('71','labore','1971-03-03 10:50:16','2010-03-17 15:42:04'),
('72','qui','1979-08-10 20:37:38','1986-11-09 07:38:54'),
('73','labore','2017-07-01 09:32:23','1998-09-19 14:19:44'),
('74','consequatur','2014-10-02 04:44:16','1997-07-27 12:41:11'),
('75','velit','2010-02-12 13:13:58','2010-11-25 22:31:29'),
('76','modi','1994-05-07 23:52:47','2003-01-04 20:43:50'),
('77','labore','2007-11-25 14:39:53','1991-03-18 08:52:24'),
('78','et','1989-12-11 01:25:41','2017-02-01 19:03:20'),
('79','id','1998-10-04 03:11:22','1970-01-26 08:17:54'),
('80','facilis','1976-12-13 20:11:23','1981-07-20 05:15:47'),
('81','eos','2007-02-21 14:02:44','2016-07-26 09:18:32'),
('82','velit','1979-01-15 23:14:25','1993-06-23 20:13:11'),
('83','dolores','2000-09-30 00:06:04','2000-10-14 17:03:32'),
('84','quisquam','1988-01-08 21:18:46','1984-07-13 01:44:43'),
('85','veritatis','1991-05-18 19:41:15','1974-07-23 11:32:48'),
('86','molestiae','2000-06-15 18:45:03','2002-12-18 22:01:08'),
('87','nulla','2013-10-23 23:26:25','2000-01-12 14:46:41'),
('88','pariatur','1998-07-25 14:20:32','1996-09-23 12:50:57'),
('89','cupiditate','2002-01-11 06:10:22','1989-12-17 07:47:50'),
('90','fugit','1972-03-12 22:19:54','1984-11-19 13:37:11'),
('91','aut','2009-07-26 16:47:54','1996-11-08 03:30:00'),
('92','aliquid','2008-05-18 00:44:43','1998-12-01 02:32:35'),
('93','id','1982-06-28 20:34:08','2012-05-03 07:15:25'),
('94','quae','2015-04-12 01:04:52','2007-02-17 12:29:24'),
('95','laudantium','1978-01-30 18:55:50','2014-12-26 09:00:16'),
('96','autem','1977-05-16 06:32:46','1995-07-22 15:45:19'),
('97','nesciunt','2001-03-23 09:30:42','1970-01-29 08:02:29'),
('98','aut','1989-04-14 18:55:55','2011-11-29 02:58:57'),
('99','et','1992-01-15 20:49:06','1991-06-28 16:58:16'),
('100','ut','1977-04-18 11:08:42','1984-07-01 19:46:40'); 

DROP TABLE IF EXISTS `media`;
CREATE TABLE `media` (
  `id` bigint(20) unsigned NOT NULL AUTO_INCREMENT,
  `media_type_id` bigint(20) unsigned NOT NULL,
  `user_id` bigint(20) unsigned NOT NULL,
  `body` text COLLATE utf8_unicode_ci DEFAULT NULL,
  `filename` varchar(255) COLLATE utf8_unicode_ci DEFAULT NULL,
  `size` int(11) DEFAULT NULL,
  `metadata` longtext CHARACTER SET utf8mb4 COLLATE utf8mb4_bin DEFAULT NULL,
  `created_at` datetime DEFAULT current_timestamp(),
  `updated_at` datetime DEFAULT current_timestamp() ON UPDATE current_timestamp(),
  PRIMARY KEY (`id`),
  KEY `user_id` (`user_id`),
  KEY `media_type_id` (`media_type_id`),
  CONSTRAINT `media_ibfk_1` FOREIGN KEY (`user_id`) REFERENCES `users` (`id`),
  CONSTRAINT `media_ibfk_2` FOREIGN KEY (`media_type_id`) REFERENCES `media_types` (`id`)
) ENGINE=InnoDB AUTO_INCREMENT=101 DEFAULT CHARSET=utf8 COLLATE=utf8_unicode_ci;

INSERT INTO `media` VALUES ('1','1','1','Quidem rerum atque mollitia autem mollitia voluptates. Doloribus saepe occaecati quae.','debitis','0',NULL,'2003-07-11 12:44:52','1992-09-16 19:56:21'),
('2','2','2','Quae quia voluptas facere ipsa voluptatem. Corrupti nemo praesentium voluptas qui dolores animi. Ea accusantium magni delectus dolorem eum mollitia aut. Voluptatum sunt dolores at quo vitae.','reiciendis','84054',NULL,'1973-12-08 16:45:38','2019-07-23 12:30:50'),
('3','3','3','Repudiandae voluptatem consequatur magnam error magnam velit et. Fugit molestiae molestiae earum enim doloremque. Dolorem et ipsum et. Consequuntur soluta eum numquam facere minima quisquam. Quisquam aut tempora minima deleniti.','dolore','8338',NULL,'1994-05-03 06:41:45','1991-09-29 08:38:02'),
('4','4','4','Tenetur est blanditiis rerum non voluptates. Fugit eligendi sequi autem sed.','omnis','5231752',NULL,'2014-03-03 00:07:48','2017-04-07 08:16:04'),
('5','5','5','Voluptate aut est quod et dolore. Nihil ut vero occaecati sequi sit reprehenderit omnis. Qui labore error possimus qui esse. Dolorem est magnam enim qui velit natus quis ex. Delectus laudantium ipsam dolorem neque et omnis.','voluptates','454',NULL,'1977-05-15 15:22:05','2013-03-23 06:40:57'),
('6','6','6','Tempora sapiente sed quis est voluptatibus delectus. Fugit non velit facilis dignissimos tenetur earum quam recusandae. Eaque accusantium facilis omnis deleniti molestiae. Atque sint eos esse ipsa in.','non','56',NULL,'2004-08-11 12:55:12','1995-06-23 16:05:40'),
('7','7','7','Est ut dolores voluptatem. Qui inventore id harum aut maxime delectus asperiores. Dolorum libero consectetur consectetur voluptatum. Illum expedita aut repudiandae totam repellendus accusamus quasi.','explicabo','23',NULL,'2015-12-20 22:42:53','2008-10-27 01:47:51'),
('8','8','8','Deleniti hic ut doloribus ea est aut vitae. Dolorum vel quos omnis. Et sunt architecto aut. Odio eos vero ut numquam.','mollitia','846048199',NULL,'1997-08-21 01:36:21','1982-08-22 07:26:52'),
('9','9','9','Error delectus veniam rerum incidunt. Praesentium ratione exercitationem voluptatem veritatis dolorem. Tempora aut aperiam saepe. Magnam reiciendis autem dolorem.','fugit','6725',NULL,'1989-09-19 22:34:50','2012-05-10 13:02:41'),
('10','10','10','Officiis ipsa explicabo id eos dolorem in repudiandae. Nihil eos maiores iusto impedit nesciunt rem sit. Laborum est aut nesciunt deserunt suscipit et. Consequatur ad animi perspiciatis id officiis ab neque.','sed','28175029',NULL,'2015-01-17 20:03:41','1984-05-26 04:38:15'),
('11','11','11','Quo deserunt quia similique ipsam impedit quod. Vel possimus qui cupiditate illum. Error est facere maxime enim.','sit','50803386',NULL,'1981-09-27 04:01:59','2016-06-29 19:26:03'),
('12','12','12','Est ea praesentium repellendus ut porro est. Fuga magni deleniti qui voluptatum deserunt debitis ut. Incidunt quaerat dolorem natus aliquam recusandae ut doloremque sit. Nulla omnis quam minima ipsa voluptates.','est','114256',NULL,'2012-10-07 07:18:20','1980-06-30 17:48:35'),
('13','13','13','Ducimus sunt similique fugit hic sapiente. Quo enim accusamus voluptatem cum impedit. Odio numquam tempore enim iste sapiente veritatis. Nemo voluptatem ea vel dolores. Culpa laudantium perferendis quibusdam aut nostrum.','cum','82342',NULL,'2005-03-19 14:48:37','1980-05-16 01:24:16'),
('14','14','14','Quis omnis quam quo doloremque. Officia et possimus similique iusto. Optio cum animi dolorem ducimus itaque esse.','quo','10670980',NULL,'2013-03-21 13:30:20','1972-08-26 07:56:19'),
('15','15','15','Eum ducimus earum qui sint ut quo ut. Voluptas vero harum facere rerum et.','distinctio','1',NULL,'2018-05-25 00:55:01','1975-06-09 07:43:10'),
('16','16','16','Dolore rerum enim explicabo corrupti nam et. Inventore qui quis a commodi. A laborum necessitatibus dolor eligendi voluptatem veniam.','unde','3',NULL,'2003-04-11 18:14:29','1983-06-23 13:52:36'),
('17','17','17','Vel et tenetur accusamus rem. Odit aut nisi delectus exercitationem. Mollitia eum excepturi qui in earum in ea. Autem in occaecati sit omnis. Deserunt laborum aut quaerat reprehenderit ut nemo.','officia','3357419',NULL,'2015-10-12 21:12:21','1979-07-01 20:02:10'),
('18','18','18','Dignissimos optio consectetur dolores quidem nemo. Cumque necessitatibus sequi quo ex doloremque enim necessitatibus suscipit. Optio officia quia maxime blanditiis unde. Quibusdam tempora fugiat explicabo rem.','possimus','1057451',NULL,'1976-09-05 16:31:09','1985-03-18 08:01:29'),
('19','19','19','Adipisci excepturi aut architecto. Labore voluptatum voluptatem aut. Perferendis omnis dolores ut dolor harum.','voluptatum','460',NULL,'1984-08-22 23:43:07','1998-01-15 08:36:48'),
('20','20','20','Ut fugit maiores voluptatem. Rem fuga ex possimus vero ullam perspiciatis consequuntur. Qui est quidem dolorem provident minima.','numquam','6571',NULL,'1994-03-10 17:14:06','2017-12-31 00:48:36'),
('21','21','21','Odit illum quia accusamus quo ipsa. Totam sit quo nihil odit hic culpa odio. Occaecati a quia animi et dolorem. At ipsam voluptatibus velit cumque natus.','rerum','482302',NULL,'1989-12-19 08:13:22','1978-03-16 06:42:25'),
('22','22','22','Reprehenderit iste libero aut. Ipsam ex totam ipsa velit. Minus consequatur rem error facilis modi ea sed. Sunt occaecati doloremque nesciunt unde accusamus.','et','53538',NULL,'2005-07-03 03:04:42','1997-07-11 13:32:41'),
('23','23','23','Aut repellat ut aut dicta et et neque. Voluptatem quisquam repellat nihil consequatur aperiam. Ea illo harum et voluptates quaerat perferendis.','est','6045036',NULL,'2008-09-26 09:40:40','1970-11-22 14:23:27'),
('24','24','24','Vel maxime asperiores cum rerum. Blanditiis et optio ut vero et ut error. Quas quibusdam facilis quidem fugiat. Fuga corporis similique natus et voluptatibus enim.','nihil','268',NULL,'1996-05-17 11:21:52','2000-02-26 08:50:30'),
('25','25','25','Ab impedit id harum quae accusamus. Aut non quia voluptas reprehenderit eos quo et facilis. Velit officiis non et consequatur nobis aut ut. Fuga quasi id est debitis molestiae est error velit.','commodi','8',NULL,'1977-11-06 03:37:11','1986-09-26 15:03:41'),
('26','26','26','Eos molestiae eos fugit quasi et sapiente. Perspiciatis nam voluptate id laborum. Quidem error voluptas nostrum velit.','temporibus','0',NULL,'1997-09-28 17:15:49','1998-03-14 19:01:25'),
('27','27','27','Quo perspiciatis dolor non velit quaerat. Consectetur fugiat quo recusandae corrupti modi veritatis et. Quaerat non et beatae. Enim repudiandae sed accusantium repellendus.','rerum','29',NULL,'1984-01-27 16:47:34','1977-12-01 06:56:45'),
('28','28','28','Autem quis et molestiae quod et. Repellat et neque sunt mollitia consequuntur. Aut labore voluptas ipsa voluptatem. Eveniet consequatur cum aut molestias repudiandae assumenda.','cupiditate','1619880',NULL,'2012-07-29 02:25:06','1986-06-20 06:34:05'),
('29','29','29','Quia doloribus dignissimos consectetur rerum. Quisquam et sint et. Consequuntur rerum aperiam dolorem magni facere ut tempora. Similique iure dolor ab voluptates impedit. Magni sequi minus dolores sint nostrum.','eos','79296',NULL,'1983-01-21 18:26:39','2009-07-14 19:02:33'),
('30','30','30','Mollitia ducimus neque et ipsa in ratione. Itaque sint magnam sed voluptatem nesciunt nisi quis. Nobis sapiente reprehenderit ut error consectetur ut natus. Incidunt magnam nihil et minima. Libero doloremque ullam non voluptas ut quas cum iusto.','ut','920400164',NULL,'2007-04-12 22:56:05','2001-06-15 14:41:33'),
('31','31','31','Voluptatibus ea vitae aperiam. Et qui non necessitatibus.','eaque','5186779',NULL,'2012-01-20 00:40:24','2001-07-12 03:01:58'),
('32','32','32','Et temporibus maiores nobis voluptatum. Perspiciatis reiciendis itaque voluptatum illo officia. Architecto et corrupti adipisci. Cum at sed quo nam quae explicabo.','ut','92589',NULL,'2016-10-15 11:03:32','1981-12-16 05:11:17'),
('33','33','33','Eaque at illum dolorem in assumenda incidunt quod sit. Sunt recusandae ex perspiciatis magni vel cum nisi. Qui sed maiores maxime et veritatis. Alias ad eveniet a rerum voluptas.','fugiat','242454',NULL,'1988-07-22 18:21:50','2004-03-06 10:09:43'),
('34','34','34','Consequuntur ullam labore qui. Dolor et ut sint. Laudantium non cumque veniam numquam iure laudantium. Vero et molestias et reprehenderit.','aperiam','842066544',NULL,'2011-07-19 12:11:51','1979-01-27 10:39:35'),
('35','35','35','Esse quae ipsam vitae et perspiciatis omnis dolore et. Molestias cumque dolorem a rerum voluptate excepturi alias quis. Voluptas est cupiditate in ratione doloribus non quo.','aut','321545633',NULL,'1989-11-15 06:01:15','1992-07-13 03:15:48'),
('36','36','36','Velit quia reiciendis sed voluptatem corporis eos. Corporis quaerat molestiae hic aut illo delectus ea. Quaerat qui perferendis quo voluptatem beatae non.','consequuntur','17159679',NULL,'1981-02-07 00:23:05','1996-11-10 09:47:02'),
('37','37','37','Officiis voluptatem animi aliquam. Natus excepturi earum voluptatem vero. Hic reprehenderit a ut fugiat.','iste','7815',NULL,'2014-07-16 18:03:26','1972-01-20 23:52:35'),
('38','38','38','Deleniti similique nesciunt consectetur qui quidem et. Magnam et id ex pariatur tenetur voluptates. Deleniti voluptas qui est non voluptatem.','aliquam','72',NULL,'1979-10-01 00:07:02','1974-12-27 22:09:41'),
('39','39','39','Ut iure veniam sit et. Quasi doloribus qui atque nam reiciendis ipsum accusantium. Aut natus qui neque culpa aspernatur. Qui ratione sed atque neque voluptatem excepturi.','voluptatum','463741924',NULL,'1974-05-03 19:11:42','1977-07-25 13:32:42'),
('40','40','40','Quae aut qui modi modi quae. Sit consectetur vero excepturi cum qui sunt ut suscipit. Totam assumenda asperiores dolores ducimus et minima inventore.','qui','7',NULL,'1986-12-07 21:26:25','1974-10-31 13:55:50'),
('41','41','41','Voluptas molestias aliquid dicta et neque. Ducimus officia sint eum nam reiciendis iure est. Alias fuga ullam quia aliquid accusamus.','nobis','0',NULL,'1983-09-26 20:30:55','2019-07-14 00:44:03'),
('42','42','42','Voluptas quia sit dolores aut at occaecati est. Dolorem voluptatum ea dolores aliquid nobis eos similique eveniet. Eaque corporis fugiat qui voluptatem perferendis facilis animi. Totam impedit quibusdam rerum commodi voluptas temporibus.','ut','92117603',NULL,'2007-12-19 15:39:09','1983-08-25 13:16:05'),
('43','43','43','Sed impedit dolorum qui ut illo consequatur laudantium. Omnis voluptate consectetur enim. Molestiae enim minima architecto ut dolor voluptatum. Amet consequatur voluptatum laborum numquam qui ea sint vel.','voluptas','66740561',NULL,'1975-04-05 01:48:56','1985-09-29 00:15:19'),
('44','44','44','Illum perferendis et officia nostrum cupiditate. Rerum enim aliquam eaque ea quo. Debitis ut facilis aut eos. Provident voluptas nihil excepturi autem aliquid.','vitae','2009',NULL,'2018-12-07 05:54:08','2015-12-11 01:56:08'),
('45','45','45','Ut iste ipsam aperiam in voluptas deleniti repudiandae. Qui ducimus sed laboriosam pariatur nam. Amet numquam quaerat aperiam nam est. Eum earum autem quis velit.','aperiam','14699',NULL,'1994-09-13 23:59:32','1990-03-29 17:54:17'),
('46','46','46','Nihil non nisi veniam beatae. Cupiditate voluptas omnis officia fugiat veniam quasi animi qui. Error beatae aperiam molestiae ut dignissimos. Fugiat nihil ut deserunt quaerat omnis quo.','est','29',NULL,'1988-11-24 17:18:42','2012-01-17 15:54:55'),
('47','47','47','Aspernatur sed excepturi reprehenderit aperiam labore. Exercitationem corporis voluptatem ut fugiat veniam ducimus. Aspernatur omnis doloribus dolores maiores eaque.','possimus','705898339',NULL,'1998-04-07 19:14:52','1992-07-05 02:27:30'),
('48','48','48','Officia ullam ratione iste. Mollitia sit neque reprehenderit. Ad libero sit ut debitis ipsa. Quasi dignissimos aut placeat sint dignissimos quidem.','unde','5',NULL,'1983-08-22 19:23:38','2009-08-11 05:50:43'),
('49','49','49','Pariatur aut est accusamus et. Vel magnam non incidunt dolorem et. Velit praesentium ut maiores ut.','eveniet','300885',NULL,'1997-12-17 15:28:28','2012-02-11 10:29:11'),
('50','50','50','Est quis consequuntur ipsa illum qui ut. Non autem velit quia aut quos. Est laudantium nesciunt doloremque dignissimos.','in','0',NULL,'2010-02-15 02:07:01','2016-04-02 17:27:17'),
('51','51','51','Vitae voluptatem minima optio et distinctio expedita molestias soluta. Temporibus sint atque dignissimos nam. Repellendus aspernatur voluptate non autem ad.','laborum','411',NULL,'1980-12-10 11:56:53','1993-06-07 16:39:17'),
('52','52','52','Recusandae necessitatibus nam fuga. Nam omnis ea omnis et. Corporis ipsam nisi veritatis.','laboriosam','0',NULL,'1979-02-25 16:04:29','1991-04-16 22:21:08'),
('53','53','53','Autem voluptas dicta ut labore dolores soluta. Et sed excepturi officia culpa esse. Pariatur assumenda quia quo ut vero aspernatur.','dolorem','0',NULL,'2016-03-10 13:37:35','2004-07-01 23:50:07'),
('54','54','54','Praesentium ea pariatur praesentium quibusdam ipsa est. Vero officia ut qui ad illum.','occaecati','1029231',NULL,'2005-06-23 20:55:23','1987-06-14 08:28:25'),
('55','55','55','Sunt quidem sed voluptatem voluptas nemo commodi adipisci. Ea ad officiis voluptatum voluptas nisi aliquam. Facilis quis explicabo sequi consequatur est.','est','769745',NULL,'2019-06-24 15:57:48','2010-11-25 19:13:26'),
('56','56','56','Est atque dolor pariatur. At non dicta natus ut odio.','velit','30484806',NULL,'2006-03-16 20:23:02','2018-09-06 14:02:15'),
('57','57','57','Et in inventore et totam et. Reiciendis tempore sunt eaque omnis. Sunt ex molestiae atque. Quasi dolores voluptatum ipsum blanditiis nihil.','voluptas','2',NULL,'1980-03-07 12:27:24','1992-11-03 18:04:41'),
('58','58','58','Quo reiciendis ab reprehenderit optio error quos. Sunt est sapiente tempore rerum. Qui temporibus ullam porro vero.','illum','878743682',NULL,'1995-10-01 02:01:27','2003-03-02 00:56:29'),
('59','59','59','Dolor voluptates quasi perferendis accusamus et aliquid officiis. Repellendus tempora perspiciatis facilis occaecati a eos voluptas. Sint dolor natus ut adipisci. Deleniti fugiat et porro qui autem.','adipisci','1076008',NULL,'1985-12-02 20:19:51','1970-08-01 22:09:07'),
('60','60','60','Id voluptates vitae ut repudiandae dolor rerum vitae. Vel et quia et sunt nemo unde. Tenetur et consequatur tempora dolorem dolores modi assumenda. Fugit cupiditate nobis dolorem commodi sunt. Omnis quisquam quaerat ab aperiam iusto.','animi','528014',NULL,'1971-12-26 00:42:23','2000-10-10 11:05:09'),
('61','61','61','Ipsum eveniet officia voluptatem. Repellat et sint qui officia ipsum rerum ut. Et blanditiis occaecati nihil qui iusto. Modi quo quod molestiae.','autem','9',NULL,'1981-06-12 01:34:56','2013-10-01 23:11:17'),
('62','62','62','Et ipsam velit unde non nam ratione blanditiis. Mollitia sed omnis veniam et facilis. Deserunt qui error cum ea aliquid inventore officia. Provident id aut corporis fugit.','laboriosam','6',NULL,'1983-04-07 18:46:43','1976-12-05 17:49:32'),
('63','63','63','Ab distinctio blanditiis maiores architecto. Possimus iste neque perferendis consequatur assumenda. Qui in nisi culpa quis et neque odit. Consequuntur voluptatum et assumenda perferendis officia magnam. Ut ab aut veniam ut omnis occaecati esse.','qui','49',NULL,'1971-12-11 17:13:56','2007-10-01 12:37:12'),
('64','64','64','Ex et tempora iure et voluptatum eveniet. Consequatur corporis suscipit est. Itaque perspiciatis odio perferendis veniam est. Porro ea architecto et quia rerum quas officiis.','aliquid','69970887',NULL,'2011-05-30 06:25:33','1984-06-11 18:54:34'),
('65','65','65','Consequatur id inventore exercitationem sint rerum aperiam. Enim esse culpa sint illum unde ad impedit. Sapiente repellat ut fugiat ut et. Et voluptatibus nostrum nisi.','natus','306',NULL,'2004-04-26 03:37:19','1978-11-27 22:23:57'),
('66','66','66','Omnis minus qui aliquid eligendi eveniet occaecati a. Ut omnis provident dolores laborum repellat. Necessitatibus praesentium nostrum non distinctio omnis nihil inventore. Accusamus magnam nam aut voluptatibus voluptatibus.','maxime','45433',NULL,'2012-10-11 16:29:49','1974-12-24 19:13:09'),
('67','67','67','Sed laborum nam perspiciatis dolores nihil. Repellendus illum explicabo numquam libero quo ut dolore. Labore enim tempore non necessitatibus veritatis quod repellendus. Eveniet et incidunt voluptas est illum alias eum. Laborum eaque sit et nisi doloribus quos.','aut','8711119',NULL,'1973-11-02 01:03:13','2011-03-23 05:37:15'),
('68','68','68','Corrupti eos explicabo omnis consequuntur consequatur error quisquam ab. Consectetur eum autem porro quas tenetur tempore itaque. Beatae illo inventore iste nulla error velit.','culpa','401972',NULL,'1996-08-08 13:08:37','1998-05-20 13:47:03'),
('69','69','69','Tempora non enim laborum non qui sit. Eius at deserunt nostrum et. Qui pariatur in maiores est.','eius','424789',NULL,'2005-12-23 19:46:28','1998-02-12 03:19:57'),
('70','70','70','Sint rerum hic sed ab cum. Perferendis porro velit sunt repudiandae.','eaque','2',NULL,'1995-06-19 04:20:35','1974-05-21 18:54:22'),
('71','71','71','Eum aut dicta beatae. Odio cupiditate et necessitatibus qui vitae. Vel architecto ipsa dolorem. Itaque alias ex repellat ex velit. Blanditiis est illo perferendis.','perspiciatis','112',NULL,'1996-12-04 16:20:13','1984-07-04 11:02:33'),
('72','72','72','Dolorem maxime ad quod. Eveniet aut ex non non sint qui ea. Ut odio aspernatur sit impedit. Pariatur ducimus nobis modi deserunt. Ea vero quaerat animi ut dolorem eius omnis ea.','totam','5',NULL,'2016-10-29 00:40:35','2002-04-12 09:27:11'),
('73','73','73','Nostrum sit voluptatem praesentium porro modi autem. Nulla rerum cumque non temporibus. Praesentium assumenda quibusdam repellendus consequatur aut. Eaque dolorem omnis odio delectus iure.','nisi','16267',NULL,'1987-12-18 18:18:56','2005-02-01 16:17:18'),
('74','74','74','In nisi sunt accusantium accusantium illo. Incidunt fugit atque laboriosam et accusantium veniam in.','occaecati','77853',NULL,'2015-07-10 12:01:14','1992-10-05 17:41:59'),
('75','75','75','Qui dolorum dolorem aut saepe. Esse omnis praesentium doloremque fugiat rerum est. Quia mollitia est cupiditate ipsum.','dolor','995359636',NULL,'2011-06-13 01:06:13','2018-06-15 22:07:44'),
('76','76','76','Nesciunt fugit aut nisi illo autem natus sequi. Dolores inventore autem in architecto. Totam error et quis odit. Ut id cumque dignissimos.','necessitatibus','0',NULL,'2015-07-01 15:14:57','1983-02-07 23:13:23'),
('77','77','77','Cupiditate magni molestiae reiciendis sint nisi est. Nihil libero rem atque cupiditate aut harum. Laudantium voluptatem itaque ex iste laborum voluptatem delectus.','vitae','64',NULL,'1993-04-17 17:58:07','2017-02-28 04:58:24'),
('78','78','78','A voluptas et est necessitatibus. Saepe pariatur sed saepe labore laborum. Sed et et nihil tenetur error.','et','4',NULL,'2014-06-16 11:43:01','2012-05-10 20:39:11'),
('79','79','79','Culpa nostrum exercitationem aliquid est. Quia et enim natus sit rerum. Recusandae dolores beatae hic.','officia','506',NULL,'1982-05-09 08:16:01','1995-08-01 16:49:02'),
('80','80','80','Et eaque in iste architecto consectetur odit sit. Illum atque quisquam architecto ab. Sed id quisquam ut exercitationem corrupti voluptas earum.','explicabo','0',NULL,'1990-08-02 22:40:07','1979-07-18 08:48:41'),
('81','81','81','Fugiat culpa itaque hic quo sit. Ut neque magnam at atque cum sed ipsam. Earum iste quia illum non saepe facilis.','illo','865',NULL,'1979-01-31 12:44:23','2005-01-08 03:50:23'),
('82','82','82','Modi laboriosam odio qui. Veritatis nisi ex mollitia dolorum eos. Quibusdam quia voluptatum modi nobis et minus. Eveniet ut dolores harum voluptates in rerum. Dicta eaque est vel eos itaque non incidunt.','error','5331529',NULL,'1990-02-17 11:53:16','2007-10-07 12:49:34'),
('83','83','83','Minus velit exercitationem facere minus fuga. Autem nostrum nisi possimus aliquam distinctio et laudantium. Nesciunt sed et corrupti molestiae rerum sunt delectus ipsam. Et rerum ut quia excepturi nisi laborum. Exercitationem autem aliquam omnis sunt ducimus.','et','0',NULL,'1972-09-27 07:20:08','2010-01-30 13:38:23'),
('84','84','84','Qui dolores velit voluptas dolor praesentium. Suscipit a provident molestiae ea qui. Dicta in et facere sint.','eius','85429044',NULL,'1982-10-08 21:34:34','2006-08-09 23:54:57'),
('85','85','85','Harum officia dolor omnis atque error aut molestiae aliquid. Velit nulla accusamus eveniet labore dolores. Adipisci delectus porro dolorem a.','facilis','18434',NULL,'1990-02-21 21:12:46','2002-10-09 08:06:22'),
('86','86','86','Ut sint saepe vel reprehenderit officiis iure. Libero officia voluptatibus eveniet qui quo corporis. Incidunt sit vel deleniti at quia aliquid.','eius','4',NULL,'2011-06-03 04:55:08','2004-12-19 09:05:37'),
('87','87','87','Eligendi aut soluta et fugiat porro optio neque. Iure repellendus fugit sed accusantium iusto beatae atque. Doloremque nisi nam itaque officiis. Accusamus provident animi ullam officia officia et.','aut','54',NULL,'2003-09-19 15:35:22','2002-04-10 04:47:30'),
('88','88','88','Enim earum veritatis quo quo nesciunt. Quia voluptatibus odit quam id quaerat optio vel et. Vero dolore alias est autem rerum totam vitae vitae. Officia voluptatem illum animi quo quos et et.','expedita','32',NULL,'2018-01-15 20:27:08','2005-01-09 07:23:49'),
('89','89','89','Ab iure velit nam quia sint ratione. Omnis ut unde sint qui sed ratione. Dolor aut dolor dignissimos et nostrum.','non','842',NULL,'1989-07-15 17:07:39','1985-04-14 17:10:48'),
('90','90','90','Omnis et illum sit recusandae laboriosam nesciunt a asperiores. Deleniti voluptas temporibus ut et quia officiis illo dolor. Possimus quos aspernatur impedit aliquid non. Amet soluta id est tempora. Aut occaecati veniam tempore iusto enim dolorem quasi.','iusto','0',NULL,'2000-11-13 17:00:55','1980-07-19 04:39:08'),
('91','91','91','Ducimus maiores unde qui id. Alias quia molestias placeat. Aut ut dicta minima rerum deserunt repellat.','fugiat','13818226',NULL,'1972-01-05 16:25:38','1982-04-22 06:34:55'),
('92','92','92','Illo alias corrupti excepturi facilis ex neque eos recusandae. Repudiandae debitis praesentium eos. Culpa voluptates incidunt unde. Assumenda deleniti et deserunt eos eaque.','a','4600',NULL,'2007-12-24 03:25:48','1978-09-21 00:10:21'),
('93','93','93','Consequatur inventore fuga et odit. Et quaerat eveniet facere dolore voluptate maiores eaque perferendis. Omnis dignissimos et rerum.','inventore','0',NULL,'1994-01-20 04:12:49','1994-08-18 06:06:25'),
('94','94','94','Recusandae eaque ducimus repudiandae illo et. Cumque sint non alias quo consequatur numquam excepturi. Aut doloribus eos id. Ipsum accusamus quod minus autem. Velit sit odio suscipit sint perferendis neque a.','voluptas','639150',NULL,'1994-11-09 08:48:27','2001-11-25 15:51:02'),
('95','95','95','Eos dolores non tempore porro veniam qui. Voluptatem eligendi sed hic harum. Consequatur beatae sit esse voluptatem modi cum.','explicabo','34930348',NULL,'1976-03-16 15:35:47','1982-12-26 23:13:11'),
('96','96','96','Harum at quas praesentium officiis quidem sed. Doloribus eveniet ab voluptatem quia praesentium. Autem et laboriosam incidunt quis. Est molestias deserunt fuga consequatur aspernatur labore earum. Nam omnis odio voluptates a.','necessitatibus','8',NULL,'1970-06-24 23:33:24','1992-08-12 05:37:57'),
('97','97','97','Velit facere unde blanditiis maiores quisquam voluptatem praesentium. Facilis aperiam facere nihil aperiam dolores quidem.','enim','56328940',NULL,'1970-06-18 15:11:07','1974-02-13 08:23:07'),
('98','98','98','Nesciunt qui et in. Quisquam quas dignissimos et velit et aut. Velit dolore ullam voluptas veritatis reiciendis ut. Eum occaecati ut aut architecto iste.','repellat','64120151',NULL,'1984-10-19 16:14:24','1971-02-20 09:21:28'),
('99','99','99','Rerum voluptatem cupiditate veniam soluta. Illo assumenda fugit est quas magnam. Cupiditate ut maiores iste. Debitis sapiente nemo ut qui recusandae aut reiciendis.','amet','0',NULL,'2005-07-21 16:15:34','1985-08-09 12:33:46'),
('100','100','100','Accusamus perspiciatis beatae dicta perspiciatis necessitatibus. Tempore velit explicabo minima esse. Maiores esse unde praesentium.','ex','35237',NULL,'1973-10-08 13:34:25','2008-03-28 10:27:58'); 




DROP TABLE IF EXISTS `communities`;
CREATE TABLE `communities` (
  `id` bigint(20) unsigned NOT NULL AUTO_INCREMENT,
  `name` varchar(150) COLLATE utf8_unicode_ci DEFAULT NULL,
  PRIMARY KEY (`id`),
  KEY `communities_name_idx` (`name`)
) ENGINE=InnoDB AUTO_INCREMENT=101 DEFAULT CHARSET=utf8 COLLATE=utf8_unicode_ci;

INSERT INTO `communities` VALUES ('51','ab'),
('8','amet'),
('13','aperiam'),
('59','aut'),
('64','aut'),
('40','consequatur'),
('42','consequuntur'),
('41','culpa'),
('53','cum'),
('68','cumque'),
('61','cupiditate'),
('85','delectus'),
('99','delectus'),
('17','dolore'),
('35','dolores'),
('1','doloribus'),
('18','dolorum'),
('77','earum'),
('80','est'),
('6','et'),
('32','et'),
('34','et'),
('44','et'),
('75','et'),
('82','et'),
('83','et'),
('7','exercitationem'),
('88','expedita'),
('92','fugit'),
('16','hic'),
('81','hic'),
('38','illo'),
('39','incidunt'),
('95','inventore'),
('5','laboriosam'),
('73','laborum'),
('57','magnam'),
('65','magnam'),
('54','maiores'),
('72','maxime'),
('11','modi'),
('14','molestiae'),
('90','molestiae'),
('84','mollitia'),
('21','natus'),
('27','natus'),
('29','nesciunt'),
('46','nisi'),
('63','non'),
('2','nulla'),
('25','officia'),
('31','officia'),
('52','omnis'),
('98','omnis'),
('76','perferendis'),
('23','placeat'),
('96','placeat'),
('66','porro'),
('15','qui'),
('56','qui'),
('86','qui'),
('94','qui'),
('24','quia'),
('33','quia'),
('43','quia'),
('55','quia'),
('30','quidem'),
('91','quis'),
('100','recusandae'),
('22','rem'),
('87','rem'),
('49','repellat'),
('67','reprehenderit'),
('26','repudiandae'),
('58','rerum'),
('62','sed'),
('50','sequi'),
('78','similique'),
('48','sint'),
('60','sint'),
('4','sunt'),
('71','tempore'),
('79','totam'),
('3','ullam'),
('36','unde'),
('70','unde'),
('19','ut'),
('45','ut'),
('97','ut'),
('12','velit'),
('28','velit'),
('74','velit'),
('37','vero'),
('69','voluptate'),
('9','voluptatem'),
('47','voluptatem'),
('20','voluptatibus'),
('93','voluptatibus'),
('10','voluptatum'),
('89','voluptatum'); 


DROP TABLE IF EXISTS `friend_requests`;
CREATE TABLE `friend_requests` (
  `initiator_user_id` bigint(20) unsigned NOT NULL,
  `target_user_id` bigint(20) unsigned NOT NULL,
  `status` enum('requested','approved','unfriended','declined') COLLATE utf8_unicode_ci DEFAULT NULL,
  `requested_at` datetime DEFAULT current_timestamp(),
  `confirmed_at` datetime DEFAULT NULL,
  PRIMARY KEY (`initiator_user_id`,`target_user_id`),
  KEY `initiator_user_id` (`initiator_user_id`),
  KEY `target_user_id` (`target_user_id`),
  CONSTRAINT `friend_requests_ibfk_1` FOREIGN KEY (`initiator_user_id`) REFERENCES `users` (`id`),
  CONSTRAINT `friend_requests_ibfk_2` FOREIGN KEY (`target_user_id`) REFERENCES `users` (`id`)
) ENGINE=InnoDB DEFAULT CHARSET=utf8 COLLATE=utf8_unicode_ci;

INSERT INTO `friend_requests` VALUES ('1','1','requested','2006-04-12 22:54:25','1971-06-13 17:16:02'),
('2','2','requested','2001-06-11 03:36:29','2006-04-26 13:29:56'),
('3','3','approved','2009-08-21 01:56:54','2001-02-04 11:39:31'),
('4','4','declined','2017-09-05 06:44:45','2018-11-20 21:23:02'),
('5','5','declined','1977-05-17 00:41:31','1981-05-02 13:30:03'),
('6','6','approved','2006-10-07 19:11:44','1985-06-08 18:09:14'),
('7','7','unfriended','2001-07-29 10:20:07','2014-07-08 20:17:23'),
('8','8','approved','1997-11-04 00:46:01','2009-05-23 18:47:25'),
('9','9','declined','1974-04-03 09:17:20','1982-07-09 20:21:45'),
('10','10','unfriended','1994-06-20 14:23:28','2005-03-21 13:29:07'),
('11','11','unfriended','2012-08-19 01:50:55','2009-02-16 22:44:01'),
('12','12','declined','2016-11-15 13:03:38','2017-03-09 04:00:44'),
('13','13','approved','1981-08-14 15:01:04','2001-08-01 10:08:33'),
('14','14','requested','1994-10-05 04:09:06','2006-01-10 01:09:47'),
('15','15','approved','1973-11-11 21:59:09','1999-08-03 23:15:30'),
('16','16','approved','1995-07-10 01:51:33','2001-06-25 10:10:52'),
('17','17','approved','2005-05-20 05:31:18','2010-10-14 00:30:44'),
('18','18','unfriended','1992-12-21 07:19:01','1993-09-17 03:24:00'),
('19','19','requested','1973-09-30 07:22:53','1982-05-31 04:02:49'),
('20','20','declined','2014-01-03 03:12:18','1994-11-16 00:08:48'),
('21','21','declined','1989-06-04 16:39:36','1991-04-17 06:11:45'),
('22','22','declined','2015-08-07 20:04:03','1972-03-02 16:58:21'),
('23','23','declined','2005-12-25 11:53:27','1997-06-07 20:58:04'),
('24','24','unfriended','1983-07-27 00:40:35','2002-05-14 20:18:44'),
('25','25','approved','2014-11-08 03:35:43','1984-09-26 01:04:45'),
('26','26','unfriended','1973-04-03 18:49:35','1997-01-21 11:41:53'),
('27','27','requested','1982-01-04 20:13:31','2014-01-03 02:00:02'),
('28','28','declined','1994-09-20 19:22:37','1979-09-25 15:41:30'),
('29','29','approved','1978-06-03 02:04:51','1998-12-08 17:17:58'),
('30','30','approved','1997-12-27 03:33:42','1994-05-23 04:54:06'),
('31','31','requested','1994-01-10 21:54:26','1990-11-02 06:05:45'),
('32','32','unfriended','2011-07-13 12:06:52','2011-05-09 02:14:58'),
('33','33','declined','2017-09-09 16:21:36','2009-04-03 08:22:25'),
('34','34','approved','1976-10-30 15:02:09','2003-07-15 11:19:15'),
('35','35','requested','1993-02-13 15:32:47','1975-10-15 10:34:04'),
('36','36','declined','2010-03-31 09:13:38','1983-06-10 06:04:14'),
('37','37','approved','1991-03-17 22:43:46','2012-10-26 21:25:41'),
('38','38','unfriended','2009-02-09 21:32:31','1980-11-04 17:37:10'),
('39','39','approved','1999-01-25 06:41:35','2012-09-26 17:53:32'),
('40','40','requested','1995-04-11 04:23:53','2008-07-02 19:31:22'),
('41','41','requested','2005-06-22 14:40:55','1990-09-22 04:55:45'),
('42','42','approved','1990-10-28 08:33:30','2003-11-16 13:31:22'),
('43','43','unfriended','2018-03-03 07:07:51','2018-05-17 02:29:55'),
('44','44','requested','1985-11-09 21:39:14','2011-04-03 16:32:47'),
('45','45','requested','2011-11-06 00:29:34','1972-08-10 03:55:51'),
('46','46','declined','1981-09-27 04:38:32','1993-03-28 04:23:40'),
('47','47','declined','1984-04-02 16:35:06','1983-08-29 01:19:36'),
('48','48','unfriended','1984-05-13 11:08:25','2012-06-09 16:55:47'),
('49','49','unfriended','1981-10-14 18:47:03','2009-06-22 00:02:28'),
('50','50','declined','2010-03-05 07:38:49','2008-11-02 03:11:01'),
('51','51','approved','1993-01-07 22:35:31','1998-05-16 23:43:24'),
('52','52','unfriended','2010-04-30 13:10:47','2017-11-23 03:22:59'),
('53','53','approved','2005-07-02 07:44:48','1975-06-08 07:55:05'),
('54','54','declined','1974-03-24 04:08:29','1978-06-07 13:23:53'),
('55','55','approved','2015-08-12 21:53:54','1994-11-02 23:30:23'),
('56','56','requested','1971-05-18 02:16:20','1986-12-23 00:57:41'),
('57','57','approved','2012-06-20 05:37:39','2010-04-13 17:31:34'),
('58','58','approved','2010-07-13 10:14:15','2013-11-22 05:19:06'),
('59','59','requested','1989-10-05 10:09:37','1995-09-15 13:02:55'),
('60','60','unfriended','1990-03-12 16:35:06','2014-05-07 23:46:29'),
('61','61','approved','1995-07-11 20:18:06','2018-06-16 03:30:40'),
('62','62','unfriended','2014-07-14 16:30:11','2014-08-21 21:21:17'),
('63','63','approved','1998-03-20 09:17:27','2014-11-09 14:59:57'),
('64','64','unfriended','1994-06-02 21:07:27','2005-05-23 14:49:43'),
('65','65','approved','1997-01-08 11:50:40','2000-08-11 08:37:38'),
('66','66','declined','1997-12-25 02:55:30','2014-12-17 04:43:42'),
('67','67','declined','1972-05-05 02:43:03','1971-04-28 14:12:27'),
('68','68','requested','2000-01-09 13:03:41','2016-10-11 16:21:43'),
('69','69','requested','1980-01-17 06:12:46','2014-01-02 01:31:18'),
('70','70','approved','1999-11-15 21:26:42','2011-03-22 08:47:09'),
('71','71','declined','1971-06-03 07:30:38','1972-11-04 09:24:28'),
('72','72','approved','2005-11-26 02:21:21','1975-07-21 20:02:51'),
('73','73','approved','1982-05-23 14:19:36','2000-09-09 09:18:34'),
('74','74','requested','2009-07-26 02:25:37','1992-11-29 10:34:57'),
('75','75','declined','2012-09-16 01:29:07','1990-11-13 20:36:05'),
('76','76','unfriended','2005-03-19 14:04:44','1980-07-11 21:12:56'),
('77','77','unfriended','2001-03-16 14:42:56','1999-01-02 17:02:02'),
('78','78','requested','1973-10-04 20:14:44','1991-11-01 18:43:06'),
('79','79','unfriended','2007-12-19 06:29:02','1988-11-28 03:03:17'),
('80','80','requested','2014-11-20 09:58:29','1981-10-25 13:31:54'),
('81','81','approved','1971-05-09 20:59:45','1995-03-26 03:26:52'),
('82','82','requested','1978-01-17 02:13:10','2008-03-12 03:32:51'),
('83','83','declined','2015-02-02 09:05:43','1974-09-15 04:58:29'),
('84','84','unfriended','2005-07-17 19:19:51','1996-02-18 21:30:11'),
('85','85','approved','1976-03-15 15:50:21','1981-01-23 08:13:26'),
('86','86','declined','1990-08-31 10:30:45','1980-10-17 18:19:23'),
('87','87','unfriended','1973-04-19 02:28:09','1998-02-19 08:17:23'),
('88','88','approved','2002-05-04 17:28:16','1995-09-22 07:08:39'),
('89','89','requested','1973-03-07 06:40:09','2006-05-02 09:00:48'),
('90','90','declined','2018-02-18 10:38:57','1996-03-02 21:24:11'),
('91','91','declined','1979-02-28 21:27:09','2018-04-28 10:32:58'),
('92','92','declined','2000-11-13 10:05:31','2019-04-16 01:29:25'),
('93','93','requested','1979-05-22 13:33:28','1992-06-11 09:57:30'),
('94','94','requested','1971-11-06 10:35:36','1978-12-30 18:02:31'),
('95','95','requested','2003-06-13 20:06:40','1977-09-18 13:09:05'),
('96','96','declined','1983-03-22 19:37:43','1979-04-16 07:00:08'),
('97','97','approved','1996-02-03 14:10:02','1973-06-30 00:32:03'),
('98','98','declined','1979-04-13 06:35:33','2011-12-05 12:32:45'),
('99','99','requested','1972-03-08 11:30:52','2009-10-27 16:00:49'),
('100','100','declined','1988-05-12 05:23:49','2004-06-21 04:05:19'); 

DROP TABLE IF EXISTS `messages`;
CREATE TABLE `messages` (
  `id` bigint(20) unsigned NOT NULL AUTO_INCREMENT,
  `from_user_id` bigint(20) unsigned NOT NULL,
  `to_user_id` bigint(20) unsigned NOT NULL,
  `body` text COLLATE utf8_unicode_ci DEFAULT NULL,
  `created_at` datetime DEFAULT current_timestamp(),
  PRIMARY KEY (`id`),
  KEY `messages_from_user_id` (`from_user_id`),
  KEY `messages_to_user_id` (`to_user_id`),
  CONSTRAINT `messages_ibfk_1` FOREIGN KEY (`from_user_id`) REFERENCES `users` (`id`),
  CONSTRAINT `messages_ibfk_2` FOREIGN KEY (`to_user_id`) REFERENCES `users` (`id`)
) ENGINE=InnoDB AUTO_INCREMENT=101 DEFAULT CHARSET=utf8 COLLATE=utf8_unicode_ci;

INSERT INTO `messages` VALUES ('1','1','1','Soluta eos officiis quod porro quibusdam rerum. Velit est velit illo ipsum et. Ex consequuntur architecto deserunt dolore eum fuga.','2003-06-20 21:34:49'),
('2','2','2','Beatae ut deserunt quae. Veniam et nobis quisquam fuga porro laboriosam. Alias ullam nobis molestiae debitis et maxime omnis. Sit nemo repudiandae dolor deserunt similique.','1998-08-09 21:02:43'),
('3','3','3','Atque natus amet quas fugit dolor. Sint nesciunt animi ipsa explicabo minima totam recusandae. Repellendus et dolorem beatae sunt ad autem magni.','1993-08-16 08:03:20'),
('4','4','4','Fugiat illo dolorem fugiat eos est repellat. Explicabo laudantium voluptatem beatae officiis eum.','1993-05-18 09:09:08'),
('5','5','5','Quia molestiae maxime voluptatem eveniet tenetur ipsa consequuntur. Dicta natus possimus ea magni enim blanditiis. Laborum sint eos beatae doloremque rerum ad. Quas porro aut id amet.','1986-12-28 02:08:23'),
('6','6','6','Rem aut quo omnis placeat. Aspernatur eos voluptatem consequuntur labore voluptatem quos et. Omnis sit voluptatum laboriosam cum ea.','1997-09-12 07:42:43'),
('7','7','7','Possimus distinctio labore repudiandae. Dolorem consequatur consequatur id consequuntur nam laudantium nostrum. Odio nulla et maxime impedit quae. Recusandae aut autem aperiam est. Et quo commodi consequatur expedita ipsa sunt ratione.','1997-09-12 16:39:51'),
('8','8','8','Dolores voluptas aut quis aperiam. Autem vitae cum in temporibus amet deleniti. A ipsa nesciunt iure numquam rerum iusto.','2017-01-21 10:51:40'),
('9','9','9','Nobis excepturi rerum nihil quidem tenetur consequuntur illo. Explicabo nesciunt consequuntur qui neque. Et molestias deleniti sequi optio natus asperiores. Doloribus reprehenderit doloribus molestiae est.','1977-07-24 13:20:57'),
('10','10','10','Excepturi et blanditiis quaerat perspiciatis porro. In est quia molestiae perferendis nihil enim repellat nesciunt.','1971-10-13 18:40:03'),
('11','11','11','Ratione omnis cum repellat voluptatem quod nesciunt hic. A vitae voluptatem et excepturi cumque necessitatibus rem earum. Est fugit omnis qui sunt. Maxime possimus a dolorum voluptas consequatur iusto.','1980-05-11 18:57:33'),
('12','12','12','Accusantium corporis qui ex repellat excepturi nobis cumque. Sit accusamus totam consequuntur nam sint voluptate. Sequi ut assumenda soluta enim et delectus. Itaque dolorem eaque officia nihil deleniti adipisci voluptatum a.','2014-03-06 06:30:54'),
('13','13','13','Nemo et eum et aspernatur temporibus asperiores. Velit est maxime voluptatem necessitatibus eos et. Qui ut iure molestias amet deserunt qui ut enim. Autem aperiam minus qui reprehenderit id id.','1993-05-09 04:47:57'),
('14','14','14','Saepe architecto fuga quis deserunt voluptate sed ab. Nesciunt nam sunt repellendus. Et autem dolores impedit excepturi quo velit. Provident cumque cum ipsam harum magnam aut sequi temporibus. Eligendi eveniet unde omnis explicabo sint harum reprehenderit.','2003-03-03 05:49:35'),
('15','15','15','Adipisci dicta quam ut omnis quia omnis dolorem. Aut illo atque quidem velit placeat officia sunt. Deserunt omnis laboriosam perspiciatis cumque unde blanditiis. Aut aut accusamus fuga.','1985-11-26 21:56:03'),
('16','16','16','Labore officiis impedit nulla velit sit sint. Quos architecto similique ad exercitationem ad voluptatibus est. Magnam ipsum sint maiores nam sed. Expedita dolores dignissimos repellat. Unde numquam vitae similique blanditiis deserunt.','2017-06-14 17:51:27'),
('17','17','17','Qui a est voluptatibus rem nisi magnam qui. Minima quod et architecto.','1984-02-02 22:31:16'),
('18','18','18','Veritatis dolorum odio est eius eligendi doloribus. Omnis sequi qui omnis nulla labore necessitatibus delectus. Assumenda ea quis esse ducimus nihil dolores.','1974-03-31 21:14:26'),
('19','19','19','Voluptatem ut perferendis quia deserunt quis aut vel. Quo consequatur molestiae blanditiis neque quasi velit laborum. A sed nihil est autem non.','1994-07-23 23:26:38'),
('20','20','20','Voluptatem soluta voluptatem autem facere omnis sint. Non et iusto quia tempora at. A tempora voluptatem architecto voluptates accusamus sequi. Tempora nisi officia ullam et minima accusamus nemo.','2009-03-10 20:08:55'),
('21','21','21','Facilis distinctio corrupti consectetur velit dolor. Voluptatem repudiandae maxime aut.','1983-04-21 21:52:09'),
('22','22','22','Perspiciatis aliquam exercitationem est vero et dolorum aut. Vero blanditiis amet eum hic. Iusto commodi aut eum vero.','1998-06-10 14:08:46'),
('23','23','23','Doloribus inventore non sed ut omnis odit. Voluptas velit eius et dicta incidunt in. Quos aut qui ratione nesciunt ut quia sequi. Quis ea consequatur nesciunt est voluptates qui aliquid.','2018-05-18 16:58:06'),
('24','24','24','Consequatur et dolor incidunt velit. Cupiditate aut doloremque repellendus maiores libero aliquam qui. Nulla quia nostrum quidem nihil deleniti eligendi. Architecto voluptas itaque asperiores et doloremque sit. Ex mollitia qui nobis quae.','1978-05-05 18:03:11'),
('25','25','25','Doloremque quas possimus quis necessitatibus suscipit totam expedita. Ipsum aut omnis ipsum labore est veritatis quisquam. Molestias consequatur voluptatem quod et ipsa est vero cum.','1995-10-06 09:17:10'),
('26','26','26','Maxime nostrum et dolor autem qui quis aut. Enim recusandae porro minus nisi necessitatibus. Id harum tenetur aut incidunt dolorum provident odit. Explicabo cumque numquam praesentium non sit saepe. Officiis exercitationem rerum rem incidunt quibusdam.','1986-03-13 05:52:02'),
('27','27','27','Autem nesciunt saepe quia laborum nesciunt quia eaque. Quia amet sed id molestiae est repellendus. Assumenda est est voluptas architecto voluptas.','1970-09-26 03:40:26'),
('28','28','28','Aut est repellendus accusantium deserunt quasi tempora vero. Et impedit consequuntur incidunt ipsam. Qui nemo soluta occaecati et voluptatem mollitia. Aut illo in cupiditate qui consequatur.','1988-12-23 07:09:48'),
('29','29','29','Accusamus quam molestiae facere cupiditate. Quo quasi quis eum voluptatem fuga fugiat. Dolores id dolor fuga qui molestiae aut temporibus.','2007-06-29 12:23:25'),
('30','30','30','Debitis et eligendi id. Eum aut rerum et rem est. Ducimus eum asperiores qui non saepe.','2003-04-23 15:30:05'),
('31','31','31','Et quo quisquam voluptas impedit non consequatur animi. Optio repellat error et. Beatae minus suscipit tempora et sit sapiente. Nisi optio iusto doloremque modi quasi. Provident saepe qui rerum sed.','2012-05-20 16:04:07'),
('32','32','32','Consectetur placeat voluptatem hic at dolores. Accusamus sed consectetur ab. Aut saepe fuga adipisci nam ipsa velit.','1978-04-24 06:03:33'),
('33','33','33','Sunt non eligendi assumenda omnis autem blanditiis quo. Qui quae animi aut. Consequatur ab omnis ut. Veniam mollitia rerum doloribus repellendus sint.','1975-08-21 01:53:39'),
('34','34','34','Voluptas aperiam est sed quo cum corporis recusandae. Voluptate iste sunt et. Pariatur est nihil minus dolorum harum. Incidunt officia voluptas fugiat soluta provident voluptates.','1974-04-10 21:57:41'),
('35','35','35','Doloribus dolorum distinctio et quaerat rerum laboriosam est. Commodi sequi aspernatur cumque enim est doloribus. Ea assumenda sit eveniet impedit quo accusantium. Eius accusamus sequi consequatur quia dolorum nobis officiis.','2019-01-16 03:34:49'),
('36','36','36','Porro sit accusantium facilis voluptas. Laudantium veniam facilis autem quae et. Modi facilis quis fugiat sunt voluptatum amet. Sit voluptates sint illo aliquid nobis autem.','1971-01-29 01:02:12'),
('37','37','37','Omnis in quis nisi consequatur eum assumenda. Sapiente fuga est dolorum ea nobis. Laboriosam aut odio cupiditate. Dolores perspiciatis dolor nam hic aut accusantium.','1981-11-11 09:48:28'),
('38','38','38','Dolore laborum corrupti voluptas rerum hic. Hic amet modi corrupti praesentium voluptas sed. Aut veniam quia eum facere eaque.','2004-05-08 17:56:23'),
('39','39','39','Ab molestiae consectetur animi omnis id rerum. Voluptatibus at et est corrupti ut vero earum. Aliquid impedit dolorem repudiandae voluptatum dolores. Fugit suscipit ut placeat voluptates non.','2014-05-17 16:51:03'),
('40','40','40','Aut nisi quae consequuntur voluptatibus dicta adipisci consequatur. Non et rerum natus in pariatur. Molestiae autem labore esse et natus. Reprehenderit reprehenderit dignissimos et consectetur non.','2016-07-28 03:53:54'),
('41','41','41','Voluptate deleniti est veritatis tempore molestiae et. Natus vel quibusdam ullam deserunt omnis voluptate perferendis molestiae. Similique qui aliquid tenetur qui. Quam expedita dolores sequi at assumenda voluptate ut. Ut eveniet vel id esse fugit.','2002-04-09 14:45:24'),
('42','42','42','Dolorum reprehenderit expedita exercitationem quidem vero deserunt sit. Est autem fugiat nemo. Ipsum aperiam esse nam dolores id sit. Officiis deserunt deserunt non eum autem eum praesentium.','1980-02-29 08:46:53'),
('43','43','43','Rerum sequi labore quis in delectus necessitatibus eum. Commodi nihil qui provident corporis in ab exercitationem. Rem delectus architecto ipsum consequatur qui culpa itaque. Veniam nam quisquam et eos voluptatibus.','1975-10-31 13:00:32'),
('44','44','44','Ex enim eos dolor sit reiciendis id repellat. Aut sed magnam et ea rerum.','2010-03-04 12:31:46'),
('45','45','45','Consequatur libero dignissimos veniam unde doloremque atque. Aperiam asperiores fuga qui. Quas non impedit a ipsam.','1973-08-08 04:43:39'),
('46','46','46','Repellat autem qui sint laudantium. Cumque nulla iusto sit atque. Velit maiores quia ab optio. Est aut neque omnis.','2005-02-09 15:45:51'),
('47','47','47','Velit iure adipisci quia ducimus. Corrupti aut optio sint rerum. Cumque animi modi quia consequatur consequatur. Non ex voluptas sit est.','2013-11-20 00:08:20'),
('48','48','48','Earum rerum sed expedita inventore saepe totam aut. Molestiae mollitia ratione corporis autem ut quis. Voluptatem placeat aut quasi ea nulla quasi est. Fugiat et accusamus aut et voluptatum.','1996-08-08 23:23:34'),
('49','49','49','Amet itaque ut sed cum et neque. Ex non quos aliquam est incidunt non. Repellat fuga architecto laudantium dicta.','2012-02-25 09:15:02'),
('50','50','50','Et velit ut dicta quia repellendus ab. Distinctio voluptas nostrum rerum hic adipisci excepturi autem. Dolores aut quia reiciendis corrupti dignissimos consequatur et sunt.','2011-12-04 07:11:15'),
('51','51','51','Expedita culpa velit ipsum et. Quia ducimus ut eos alias sapiente. Quia asperiores rerum qui possimus. Qui ipsam cum ex ut ducimus.','1981-08-26 23:39:54'),
('52','52','52','Ut omnis quia corrupti aut officiis. Sit sit molestiae velit rem et. Animi et dolorem illum quis eveniet aspernatur sint. Necessitatibus repudiandae itaque officia ratione.','2011-04-10 13:46:07'),
('53','53','53','Ad vero provident magni. Aut dolores consectetur sit et iste quidem pariatur. Porro ea vitae qui consequatur quas provident quia. Repellat praesentium debitis quia architecto rerum in.','2002-12-31 11:34:42'),
('54','54','54','Provident aut aliquam adipisci eos sit et sed quos. Dolores cumque est repudiandae facere suscipit non et. Dolore laudantium delectus est modi. Vitae quae rem animi voluptates consequuntur ad.','2019-02-07 05:45:22'),
('55','55','55','Reprehenderit deserunt omnis corporis quis sed aut est. Voluptatem ullam et molestias dolor reiciendis sint minus eos. Et omnis sit et et et nesciunt molestiae.','2004-12-25 12:59:18'),
('56','56','56','Molestiae quia sed sed est natus earum facere. Voluptas fugit et accusamus. Similique aliquam facere dignissimos et.','2006-07-16 17:14:34'),
('57','57','57','Esse doloremque et saepe rerum. Nesciunt ea recusandae enim eum asperiores. Laboriosam repellat est qui ratione voluptas quaerat. Repellat eaque quia sed enim vel ea.','1985-03-31 22:12:50'),
('58','58','58','Repudiandae eum aut voluptas dolor. Explicabo eius velit ut et vitae. A id est at odit culpa qui. Repellendus voluptates pariatur quas voluptatum.','2002-06-02 18:39:14'),
('59','59','59','Quasi et quam expedita et minima nihil nostrum. Ducimus qui enim non repellat distinctio animi. Expedita ratione asperiores eos et. Eaque rerum doloremque dolores temporibus reiciendis reprehenderit consectetur.','1995-11-18 21:12:11'),
('60','60','60','Dolore est tempore nihil et. Sed dolor perspiciatis fugit unde.','1997-03-15 21:23:49'),
('61','61','61','Sint voluptatem reiciendis rem ut. Quidem ipsum velit nisi voluptate quos. Dolores nemo iste et sit.','2004-03-22 09:49:59'),
('62','62','62','Quis ut cumque optio cumque dolore. Odio facere assumenda sapiente quia qui quo fugit. Ea quisquam reprehenderit velit.','1991-04-02 20:42:49'),
('63','63','63','Vel ipsa aliquid necessitatibus omnis omnis quaerat. Enim et beatae sunt est omnis sed. Qui rerum qui nisi numquam. Velit velit sed quia deserunt.','1997-04-11 02:15:48'),
('64','64','64','Officia possimus temporibus qui voluptas et cumque. Dolor sunt dolores reprehenderit et odio animi ut accusantium. Quo sed culpa repellat iste maxime nam iste in. Cum eaque et quia aliquam.','1997-07-29 18:59:22'),
('65','65','65','Nihil adipisci consequuntur enim aspernatur recusandae. Nisi labore placeat ad voluptatem inventore corporis odio ad. Dolor sunt rem et dicta fugiat. Impedit voluptas sequi qui labore atque nihil dolor harum.','2013-08-05 10:37:09'),
('66','66','66','Nostrum itaque omnis aut et aut a velit voluptatem. Blanditiis quae ducimus consequatur aspernatur dicta totam sunt. Voluptate est sit corrupti animi culpa vitae. Omnis occaecati fugit mollitia dolores est eos.','1992-05-22 00:02:31'),
('67','67','67','Suscipit at iure quo eum. Voluptas voluptatem reprehenderit porro voluptatem eius sed. Commodi quis iste esse doloribus iusto.','2007-10-12 18:36:14'),
('68','68','68','Corrupti qui vitae et. Consequatur et eligendi magnam nobis est et porro. Ut modi autem occaecati sed. Illo rerum corporis ipsum sed inventore.','1973-11-21 22:51:32'),
('69','69','69','Perspiciatis labore temporibus vel. Dolore qui quia sunt id ab officiis aut quidem. Perspiciatis accusamus optio ab rerum iure perspiciatis. Eveniet commodi non at vitae est id veniam.','1977-08-21 09:22:24'),
('70','70','70','Tempore maiores beatae unde ea veritatis quibusdam enim magni. Quas cum maxime eos quidem facere quis rem. Vel nobis quae voluptatem suscipit voluptates enim. In rerum aut eum.','2014-08-11 03:31:42'),
('71','71','71','Qui ducimus vitae quia nemo qui impedit sed. Aut modi minima iusto enim nihil vitae. Distinctio sint alias incidunt quia maiores.','1987-02-12 09:28:44'),
('72','72','72','Quia vero aut ut in. Debitis aut dicta quo a. Excepturi odit eius nulla sequi. Ipsa eveniet consequatur rerum quia nobis et.','1991-07-05 13:59:19'),
('73','73','73','Nostrum dolorum repellat et quia fugiat ipsum. Omnis in modi ipsa illo similique odio dolores.','1998-12-06 23:15:08'),
('74','74','74','Fugit eius molestiae totam qui. Deserunt minima eius earum quia. Asperiores molestias ut omnis repellendus ut. Voluptas corporis in iusto aperiam.','1978-10-25 18:51:06'),
('75','75','75','Inventore necessitatibus accusamus ducimus. Occaecati omnis dolores delectus iste occaecati.','1995-02-13 05:26:38'),
('76','76','76','Saepe qui et quae autem consequuntur ipsum consequatur. Ea ex totam magnam qui pariatur. Velit aut vel neque maiores delectus maxime occaecati.','2014-11-11 18:11:26'),
('77','77','77','Nobis numquam earum illo qui quia. Nihil ut fugiat accusamus fuga sunt sint qui. Perspiciatis dolorum molestias dolores ut aspernatur praesentium natus.','1990-06-20 23:38:44'),
('78','78','78','Dignissimos ipsam vel fugit necessitatibus. Officia error labore voluptatem et.','1991-04-08 19:04:29'),
('79','79','79','Nulla explicabo neque enim nihil ab quis. Saepe velit nobis quod nulla ducimus unde. Ea qui nisi temporibus ut. Debitis veritatis quia qui.','1991-06-08 05:59:33'),
('80','80','80','Et consequatur sunt quos recusandae. Pariatur vitae vitae voluptatem qui excepturi nostrum pariatur. Dolor itaque voluptatem nulla dignissimos.','2005-04-26 04:43:06'),
('81','81','81','Nulla qui dolor quis laboriosam. Voluptatibus quo quae quidem illo aut. Autem voluptatibus tempora sed sunt.','2017-02-23 03:04:54'),
('82','82','82','Ut ea a aut in. Aliquid tempora quam possimus ducimus est consequatur. Iste nisi ut recusandae amet rerum excepturi ipsum. A omnis dicta consectetur.','2016-03-06 02:02:21'),
('83','83','83','Provident natus dolore minus ut deleniti sit aut. Temporibus voluptatem nihil dolores nihil provident in. Eum facilis architecto et nisi debitis blanditiis at temporibus. Atque voluptates et perspiciatis non delectus incidunt.','2012-11-10 06:44:17'),
('84','84','84','Quaerat culpa qui sequi hic excepturi praesentium. Ut nostrum eum et quis. Magni quis et corporis quasi ex.','1981-03-20 06:14:49'),
('85','85','85','Sapiente modi velit quia illum fugiat ab laboriosam. Saepe nemo animi sunt autem qui qui porro. Consectetur dolore a sed ullam consequatur dolores aut.','1982-10-15 02:28:42'),
('86','86','86','Ipsum nihil harum at quae rem recusandae placeat. Et quas animi quo architecto beatae. Corporis cum et eos et id aperiam.','1972-09-13 22:58:59'),
('87','87','87','Quos non voluptates fugit doloremque asperiores. Repellendus aut dolore quia praesentium. At id sed dolores minima voluptatibus rem praesentium. Excepturi harum ut quia aliquam.','2001-07-17 19:19:27'),
('88','88','88','Quam ut magni quia veniam. Omnis tenetur quod atque qui qui.','1981-08-19 12:54:00'),
('89','89','89','Sed sit non cupiditate esse. Non tempora asperiores repudiandae qui dolore consequuntur corrupti in. Atque ipsum ea quo tempora voluptates blanditiis libero.','2011-04-14 12:33:09'),
('90','90','90','Odit voluptatum delectus et porro. Recusandae velit accusantium ut. Adipisci itaque fugiat qui modi.','1989-11-16 23:10:05'),
('91','91','91','Eaque et molestiae aut aut quam in eius. Libero vero et alias est consequuntur libero. Iure ab necessitatibus ut in officiis laborum enim.','1982-12-06 11:24:30'),
('92','92','92','Eligendi facere cupiditate debitis aut iure provident deserunt est. Consequatur aliquam odit blanditiis officiis. Laboriosam aliquid nulla sed perspiciatis quasi molestiae est dolorum. Facilis et expedita perferendis nostrum ipsa tenetur.','2015-04-18 06:37:33'),
('93','93','93','Earum molestiae accusantium dicta non cupiditate facilis adipisci explicabo. Iusto soluta est saepe minus voluptates quo. Adipisci possimus facere doloremque eius inventore reiciendis. Alias ut asperiores cumque ex.','1978-11-18 17:22:34'),
('94','94','94','Voluptatum sunt esse sunt dignissimos deleniti aut. Qui corrupti iusto et vel ad velit libero. Adipisci sit consequatur repudiandae nostrum. Nostrum praesentium voluptatem nisi voluptas magni explicabo deleniti harum.','2004-04-20 20:31:03'),
('95','95','95','Odio perferendis voluptatem rerum distinctio nemo. Ut porro architecto autem tempore laboriosam eligendi. Sapiente quia consequatur qui recusandae. Culpa illo debitis ab sit corrupti quibusdam.','1986-08-23 07:22:02'),
('96','96','96','Alias recusandae enim ipsum sunt quos esse quos. Aut sequi laudantium itaque. Aut consequuntur pariatur delectus.','1982-03-31 15:17:50'),
('97','97','97','Unde consequatur accusantium in est iusto. Totam sit facere est molestiae eveniet ut earum aperiam. Aspernatur est beatae voluptatem libero. Qui similique quia ab quibusdam itaque.','2005-03-10 17:58:38'),
('98','98','98','Dolore suscipit at eaque aut in suscipit quo illo. Cum placeat nobis aperiam culpa. Aut sint soluta ut officiis.','1990-06-18 09:09:28'),
('99','99','99','Est sequi tempore facilis quas aliquam. Tenetur asperiores voluptas ut reiciendis quaerat nesciunt est. Reprehenderit ut rerum reiciendis mollitia sunt voluptatem quos. Voluptas alias voluptatem voluptatem.','2013-03-27 16:04:48'),
('100','100','100','Repudiandae vel quaerat earum temporibus id quis dolorem. Molestiae minus ut temporibus ipsam ipsa molestiae.','1993-02-24 03:01:47');

DROP TABLE IF EXISTS `likes`;
CREATE TABLE `likes` (
  `id` bigint(20) unsigned NOT NULL AUTO_INCREMENT,
  `user_id` bigint(20) unsigned NOT NULL,
  `media_id` bigint(20) unsigned NOT NULL,
  `created_at` datetime DEFAULT current_timestamp(),
  PRIMARY KEY (`id`),
  KEY `user_id` (`user_id`),
  KEY `media_id` (`media_id`),
  CONSTRAINT `likes_ibfk_1` FOREIGN KEY (`user_id`) REFERENCES `users` (`id`),
  CONSTRAINT `likes_ibfk_2` FOREIGN KEY (`media_id`) REFERENCES `media` (`id`)
) ENGINE=InnoDB AUTO_INCREMENT=101 DEFAULT CHARSET=utf8 COLLATE=utf8_unicode_ci;

INSERT INTO `likes` VALUES ('1','1','1','1981-11-29 14:31:06'),
('2','2','2','2006-07-14 04:03:19'),
('3','3','3','1983-10-12 05:07:09'),
('4','4','4','1981-10-02 13:49:00'),
('5','5','5','1978-06-15 09:54:32'),
('6','6','6','1983-11-17 08:30:55'),
('7','7','7','1977-04-03 19:21:49'),
('8','8','8','1981-12-30 06:02:16'),
('9','9','9','1974-02-28 07:56:59'),
('10','10','10','2000-06-04 06:52:15'),
('11','11','11','1993-11-28 01:11:11'),
('12','12','12','1980-06-18 02:49:41'),
('13','13','13','2017-04-30 05:58:03'),
('14','14','14','2011-06-06 12:38:54'),
('15','15','15','2015-08-02 14:17:38'),
('16','16','16','2008-10-23 06:56:35'),
('17','17','17','1992-06-23 07:43:54'),
('18','18','18','1976-09-23 00:45:00'),
('19','19','19','2008-09-19 11:13:29'),
('20','20','20','1993-08-31 12:16:25'),
('21','21','21','1998-06-14 19:45:38'),
('22','22','22','2003-04-25 04:07:41'),
('23','23','23','2009-09-27 15:37:00'),
('24','24','24','2009-01-22 04:10:30'),
('25','25','25','2005-11-27 23:15:21'),
('26','26','26','1987-08-04 22:36:59'),
('27','27','27','2011-06-25 02:31:49'),
('28','28','28','1981-05-01 11:47:27'),
('29','29','29','1985-12-24 07:24:50'),
('30','30','30','2015-07-29 18:12:33'),
('31','31','31','2017-06-11 04:47:43'),
('32','32','32','2015-06-24 20:23:22'),
('33','33','33','1970-03-29 03:00:37'),
('34','34','34','2013-04-16 00:20:38'),
('35','35','35','2016-01-28 01:00:26'),
('36','36','36','1979-02-28 16:21:01'),
('37','37','37','2000-06-26 14:14:05'),
('38','38','38','1988-05-13 00:29:46'),
('39','39','39','1999-02-14 00:20:04'),
('40','40','40','1983-06-12 01:03:28'),
('41','41','41','1981-03-20 10:33:08'),
('42','42','42','1993-07-29 05:06:15'),
('43','43','43','1975-04-24 10:59:01'),
('44','44','44','1988-07-26 00:45:57'),
('45','45','45','2006-03-31 01:34:20'),
('46','46','46','2010-11-02 00:50:10'),
('47','47','47','1993-04-12 11:54:41'),
('48','48','48','1995-02-26 13:41:13'),
('49','49','49','1997-04-08 01:27:00'),
('50','50','50','2002-01-13 07:07:18'),
('51','51','51','2008-12-30 23:54:02'),
('52','52','52','1993-02-12 19:30:46'),
('53','53','53','1987-12-20 08:41:01'),
('54','54','54','2009-07-02 20:56:26'),
('55','55','55','2006-06-08 01:58:58'),
('56','56','56','1986-12-30 14:03:09'),
('57','57','57','1983-12-13 07:34:33'),
('58','58','58','1983-11-27 03:18:49'),
('59','59','59','1975-11-10 21:56:16'),
('60','60','60','1977-03-10 06:02:54'),
('61','61','61','1994-01-21 23:06:38'),
('62','62','62','1991-01-20 17:23:01'),
('63','63','63','1984-04-12 21:24:44'),
('64','64','64','1993-07-19 17:23:22'),
('65','65','65','2016-03-04 15:38:59'),
('66','66','66','2005-08-11 06:36:08'),
('67','67','67','1992-04-06 17:57:53'),
('68','68','68','1984-01-07 16:00:24'),
('69','69','69','1984-11-01 05:45:37'),
('70','70','70','2001-07-24 09:19:49'),
('71','71','71','2003-09-27 00:38:35'),
('72','72','72','2004-07-06 13:20:36'),
('73','73','73','1972-10-26 11:29:05'),
('74','74','74','1993-06-21 07:38:07'),
('75','75','75','2014-05-21 10:16:28'),
('76','76','76','1998-09-26 04:55:01'),
('77','77','77','1981-02-09 10:21:39'),
('78','78','78','1994-09-15 12:50:58'),
('79','79','79','2005-11-12 03:55:50'),
('80','80','80','2014-08-18 15:23:13'),
('81','81','81','1979-09-01 05:57:21'),
('82','82','82','2006-07-17 18:45:29'),
('83','83','83','1995-01-30 15:06:24'),
('84','84','84','1971-04-14 16:53:18'),
('85','85','85','1980-03-06 08:23:26'),
('86','86','86','1982-11-03 18:43:06'),
('87','87','87','2013-03-15 15:24:14'),
('88','88','88','1996-09-17 16:25:59'),
('89','89','89','2012-04-22 07:24:23'),
('90','90','90','1974-05-30 10:23:58'),
('91','91','91','1998-02-27 00:38:11'),
('92','92','92','1971-12-05 00:05:14'),
('93','93','93','1994-08-12 19:04:47'),
('94','94','94','2010-12-27 04:18:57'),
('95','95','95','2016-12-18 03:51:41'),
('96','96','96','1983-11-23 03:42:13'),
('97','97','97','2000-11-14 16:06:22'),
('98','98','98','1977-01-21 13:02:07'),
('99','99','99','2014-02-13 07:38:28'),
('100','100','100','1994-12-20 12:47:08'); 


DROP TABLE IF EXISTS `likes_messages`;
CREATE TABLE `likes_messages` (
  `id` bigint(20) unsigned NOT NULL AUTO_INCREMENT,
  `user_id` bigint(20) unsigned NOT NULL,
  `messages_id` bigint(20) unsigned NOT NULL,
  `created_at` datetime DEFAULT current_timestamp(),
  PRIMARY KEY (`id`),
  KEY `user_id` (`user_id`),
  KEY `messages_id` (`messages_id`),
  CONSTRAINT `likes_messages_ibfk_1` FOREIGN KEY (`user_id`) REFERENCES `users` (`id`),
  CONSTRAINT `likes_messages_ibfk_2` FOREIGN KEY (`messages_id`) REFERENCES `messages` (`id`)
) ENGINE=InnoDB AUTO_INCREMENT=101 DEFAULT CHARSET=utf8 COLLATE=utf8_unicode_ci;

INSERT INTO `likes_messages` VALUES ('1','1','1','1990-10-20 13:15:14'),
('2','2','2','1973-10-13 01:49:26'),
('3','3','3','2013-04-29 07:46:01'),
('4','4','4','1981-05-05 08:34:50'),
('5','5','5','2012-05-10 07:28:32'),
('6','6','6','1975-10-05 11:27:06'),
('7','7','7','2006-01-25 02:20:58'),
('8','8','8','2009-07-23 06:19:13'),
('9','9','9','1994-05-27 06:48:35'),
('10','10','10','1972-07-19 14:10:16'),
('11','11','11','2015-04-10 06:49:42'),
('12','12','12','2013-11-14 18:11:59'),
('13','13','13','2011-11-07 23:46:44'),
('14','14','14','2019-04-13 16:30:42'),
('15','15','15','1999-12-15 15:25:17'),
('16','16','16','1982-11-24 02:38:18'),
('17','17','17','1977-01-22 13:19:53'),
('18','18','18','1982-07-22 08:18:19'),
('19','19','19','1989-04-03 13:27:23'),
('20','20','20','1972-12-02 09:34:24'),
('21','21','21','2018-05-15 17:04:59'),
('22','22','22','2009-10-23 14:27:54'),
('23','23','23','2007-01-18 03:43:12'),
('24','24','24','2002-07-28 01:31:27'),
('25','25','25','1984-07-12 02:47:19'),
('26','26','26','2000-12-05 19:24:55'),
('27','27','27','1994-03-24 08:39:11'),
('28','28','28','1985-03-14 07:05:22'),
('29','29','29','1983-10-08 00:20:39'),
('30','30','30','1980-08-02 22:21:12'),
('31','31','31','1994-04-01 10:25:16'),
('32','32','32','1977-05-18 18:09:47'),
('33','33','33','1983-04-19 21:33:34'),
('34','34','34','2016-06-05 21:06:28'),
('35','35','35','2003-07-17 14:26:10'),
('36','36','36','1986-05-15 04:24:46'),
('37','37','37','1981-09-24 19:15:02'),
('38','38','38','2017-06-03 06:04:36'),
('39','39','39','1976-08-05 04:48:40'),
('40','40','40','1977-02-01 13:10:19'),
('41','41','41','2018-03-04 08:28:17'),
('42','42','42','1989-01-19 03:28:43'),
('43','43','43','2009-05-25 23:36:45'),
('44','44','44','1973-02-25 03:55:43'),
('45','45','45','1971-03-03 20:48:04'),
('46','46','46','1975-06-17 19:21:34'),
('47','47','47','1984-02-18 23:03:45'),
('48','48','48','1982-03-31 18:13:49'),
('49','49','49','2009-05-22 09:18:29'),
('50','50','50','2005-10-27 06:37:17'),
('51','51','51','2013-06-30 14:25:11'),
('52','52','52','2012-09-23 21:45:12'),
('53','53','53','1990-12-15 08:23:31'),
('54','54','54','1996-02-12 10:36:18'),
('55','55','55','2002-04-04 14:49:26'),
('56','56','56','1977-04-07 02:16:23'),
('57','57','57','1971-05-04 20:13:26'),
('58','58','58','1998-01-17 16:19:56'),
('59','59','59','2010-01-15 22:19:35'),
('60','60','60','1972-08-03 07:22:26'),
('61','61','61','1972-10-12 01:20:15'),
('62','62','62','1978-06-05 17:32:46'),
('63','63','63','1991-05-11 12:27:12'),
('64','64','64','2001-06-18 05:19:34'),
('65','65','65','1977-08-11 11:33:52'),
('66','66','66','2015-03-05 19:09:41'),
('67','67','67','1988-07-05 11:30:26'),
('68','68','68','1986-01-19 03:07:37'),
('69','69','69','2012-03-22 12:39:29'),
('70','70','70','1978-09-29 13:08:45'),
('71','71','71','1992-11-21 22:27:04'),
('72','72','72','1980-09-23 18:29:08'),
('73','73','73','1973-01-01 17:05:00'),
('74','74','74','1976-01-30 22:08:37'),
('75','75','75','1978-07-19 13:05:28'),
('76','76','76','2005-11-14 15:58:18'),
('77','77','77','2013-08-16 22:45:33'),
('78','78','78','1992-08-29 21:48:10'),
('79','79','79','2018-11-05 22:34:22'),
('80','80','80','2016-08-15 15:37:27'),
('81','81','81','1970-07-27 05:25:27'),
('82','82','82','1971-07-21 06:43:44'),
('83','83','83','1991-06-07 19:53:20'),
('84','84','84','1973-03-21 14:13:17'),
('85','85','85','2009-09-26 20:12:05'),
('86','86','86','2002-12-15 08:52:51'),
('87','87','87','2012-11-22 13:36:12'),
('88','88','88','1993-08-26 11:24:32'),
('89','89','89','2004-03-21 18:09:15'),
('90','90','90','2009-05-26 14:38:03'),
('91','91','91','2011-02-27 22:02:01'),
('92','92','92','2007-07-06 12:53:52'),
('93','93','93','2006-02-27 17:36:20'),
('94','94','94','2017-11-05 03:39:20'),
('95','95','95','1997-12-05 01:47:40'),
('96','96','96','2007-10-29 23:57:10'),
('97','97','97','1977-11-22 06:38:39'),
('98','98','98','2010-12-04 11:38:54'),
('99','99','99','2018-06-14 12:49:31'),
('100','100','100','2002-10-19 06:19:57'); 


DROP TABLE IF EXISTS `likes_users`;
CREATE TABLE `likes_users` (
  `id` bigint(20) unsigned NOT NULL AUTO_INCREMENT,
  `user_id` bigint(20) unsigned NOT NULL,
  `created_at` datetime DEFAULT current_timestamp(),
  PRIMARY KEY (`id`),
  KEY `user_id` (`user_id`),
  CONSTRAINT `likes_users_ibfk_1` FOREIGN KEY (`user_id`) REFERENCES `users` (`id`)
) ENGINE=InnoDB AUTO_INCREMENT=101 DEFAULT CHARSET=utf8 COLLATE=utf8_unicode_ci;

INSERT INTO `likes_users` VALUES ('1','1','1972-01-12 17:24:16'),
('2','2','1978-10-23 06:12:28'),
('3','3','2007-07-18 13:29:52'),
('4','4','1977-03-04 06:33:06'),
('5','5','2011-09-22 11:33:21'),
('6','6','1974-12-05 10:30:31'),
('7','7','1972-12-25 02:40:13'),
('8','8','2005-07-09 12:21:19'),
('9','9','1974-10-21 21:59:01'),
('10','10','1973-04-14 20:48:39'),
('11','11','1985-03-22 20:54:29'),
('12','12','1978-11-14 10:19:06'),
('13','13','1982-03-22 15:39:01'),
('14','14','1974-11-26 08:58:24'),
('15','15','2008-02-07 07:26:57'),
('16','16','1972-04-11 09:49:15'),
('17','17','2008-06-24 10:13:31'),
('18','18','1971-01-25 01:44:18'),
('19','19','1997-05-26 09:07:00'),
('20','20','2018-12-20 03:29:38'),
('21','21','1989-10-19 11:59:52'),
('22','22','1990-05-06 12:22:12'),
('23','23','1991-09-01 08:56:51'),
('24','24','2019-01-10 04:17:19'),
('25','25','2002-04-27 11:25:44'),
('26','26','1970-03-31 16:31:34'),
('27','27','2009-09-11 23:15:49'),
('28','28','1998-07-29 11:54:36'),
('29','29','1971-08-01 17:01:07'),
('30','30','1971-05-11 09:02:05'),
('31','31','2008-03-06 11:33:38'),
('32','32','1990-03-30 15:56:30'),
('33','33','1973-03-21 07:20:19'),
('34','34','1995-03-04 01:58:33'),
('35','35','1997-01-08 09:26:08'),
('36','36','1975-07-25 00:22:24'),
('37','37','1980-02-19 22:42:50'),
('38','38','2011-03-19 07:26:11'),
('39','39','1998-04-29 04:20:03'),
('40','40','2007-04-09 15:31:45'),
('41','41','1999-11-06 19:07:02'),
('42','42','1997-05-28 23:28:38'),
('43','43','1981-06-05 14:36:40'),
('44','44','2013-08-25 20:23:52'),
('45','45','1976-12-04 13:01:04'),
('46','46','1975-12-02 03:10:32'),
('47','47','1980-08-27 03:10:15'),
('48','48','1985-05-18 14:03:37'),
('49','49','2011-12-11 01:08:33'),
('50','50','1974-06-11 06:53:43'),
('51','51','2019-08-01 06:20:52'),
('52','52','1992-03-05 20:00:56'),
('53','53','1989-06-15 13:49:23'),
('54','54','2005-01-27 06:07:57'),
('55','55','1996-10-03 01:35:03'),
('56','56','2016-06-14 19:59:25'),
('57','57','2008-06-11 01:14:16'),
('58','58','1988-06-08 06:39:35'),
('59','59','2014-11-23 13:41:35'),
('60','60','2003-11-16 08:47:02'),
('61','61','1981-11-24 04:18:54'),
('62','62','2009-08-13 08:56:17'),
('63','63','2007-01-06 11:10:08'),
('64','64','1981-03-03 08:47:55'),
('65','65','1993-09-03 02:23:45'),
('66','66','2003-03-19 08:41:56'),
('67','67','1989-01-11 02:53:28'),
('68','68','2000-10-05 07:48:07'),
('69','69','2019-04-01 23:09:26'),
('70','70','1972-01-14 12:02:46'),
('71','71','1982-03-29 12:31:10'),
('72','72','1991-05-04 14:10:37'),
('73','73','1994-10-26 22:19:00'),
('74','74','1975-08-04 00:06:01'),
('75','75','2015-04-21 17:00:52'),
('76','76','2006-06-24 07:59:49'),
('77','77','2017-04-23 10:50:15'),
('78','78','1979-04-16 02:52:29'),
('79','79','1997-01-01 17:26:50'),
('80','80','2002-08-15 21:36:22'),
('81','81','2014-12-07 14:58:43'),
('82','82','2009-11-01 03:02:27'),
('83','83','2014-12-30 23:23:47'),
('84','84','2017-04-16 00:38:06'),
('85','85','1992-08-16 20:19:23'),
('86','86','1985-07-02 12:35:28'),
('87','87','1974-09-08 09:26:12'),
('88','88','1971-05-15 11:45:15'),
('89','89','1976-03-10 17:02:53'),
('90','90','1984-12-18 11:11:30'),
('91','91','1996-09-14 09:38:24'),
('92','92','1998-04-05 16:35:06'),
('93','93','2002-09-20 23:57:08'),
('94','94','2001-04-15 02:14:04'),
('95','95','1970-08-15 04:37:40'),
('96','96','1978-02-14 17:46:47'),
('97','97','1990-12-29 08:20:52'),
('98','98','1997-05-10 11:15:17'),
('99','99','2017-05-21 22:23:23'),
('100','100','1982-03-22 01:14:11'); 





 


DROP TABLE IF EXISTS `photo_albums`;
CREATE TABLE `photo_albums` (
  `id` bigint(20) unsigned NOT NULL AUTO_INCREMENT,
  `name` varchar(255) COLLATE utf8_unicode_ci DEFAULT NULL,
  `user_id` bigint(20) unsigned DEFAULT NULL,
  PRIMARY KEY (`id`),
  UNIQUE KEY `id` (`id`),
  KEY `user_id` (`user_id`),
  CONSTRAINT `photo_albums_ibfk_1` FOREIGN KEY (`user_id`) REFERENCES `users` (`id`)
) ENGINE=InnoDB AUTO_INCREMENT=101 DEFAULT CHARSET=utf8 COLLATE=utf8_unicode_ci;

INSERT INTO `photo_albums` VALUES ('1','rerum','1'),
('2','id','2'),
('3','laudantium','3'),
('4','consequuntur','4'),
('5','dignissimos','5'),
('6','consectetur','6'),
('7','nesciunt','7'),
('8','voluptatibus','8'),
('9','consectetur','9'),
('10','commodi','10'),
('11','ipsa','11'),
('12','beatae','12'),
('13','alias','13'),
('14','tempora','14'),
('15','expedita','15'),
('16','nesciunt','16'),
('17','debitis','17'),
('18','repellat','18'),
('19','qui','19'),
('20','quae','20'),
('21','mollitia','21'),
('22','possimus','22'),
('23','esse','23'),
('24','voluptatem','24'),
('25','sed','25'),
('26','blanditiis','26'),
('27','rerum','27'),
('28','ea','28'),
('29','eius','29'),
('30','ipsam','30'),
('31','ut','31'),
('32','aut','32'),
('33','eum','33'),
('34','amet','34'),
('35','inventore','35'),
('36','vitae','36'),
('37','iusto','37'),
('38','assumenda','38'),
('39','amet','39'),
('40','vero','40'),
('41','accusamus','41'),
('42','inventore','42'),
('43','hic','43'),
('44','totam','44'),
('45','debitis','45'),
('46','aut','46'),
('47','debitis','47'),
('48','modi','48'),
('49','quo','49'),
('50','tempora','50'),
('51','et','51'),
('52','ab','52'),
('53','laudantium','53'),
('54','nihil','54'),
('55','dignissimos','55'),
('56','maxime','56'),
('57','aut','57'),
('58','et','58'),
('59','sed','59'),
('60','nihil','60'),
('61','dignissimos','61'),
('62','beatae','62'),
('63','voluptatibus','63'),
('64','eos','64'),
('65','necessitatibus','65'),
('66','quo','66'),
('67','quia','67'),
('68','vitae','68'),
('69','quibusdam','69'),
('70','vitae','70'),
('71','voluptas','71'),
('72','maxime','72'),
('73','veniam','73'),
('74','quia','74'),
('75','nesciunt','75'),
('76','aut','76'),
('77','culpa','77'),
('78','vitae','78'),
('79','neque','79'),
('80','ut','80'),
('81','repellendus','81'),
('82','sed','82'),
('83','qui','83'),
('84','dignissimos','84'),
('85','voluptatem','85'),
('86','fuga','86'),
('87','suscipit','87'),
('88','id','88'),
('89','fugiat','89'),
('90','est','90'),
('91','labore','91'),
('92','aut','92'),
('93','sunt','93'),
('94','officiis','94'),
('95','voluptates','95'),
('96','aut','96'),
('97','molestiae','97'),
('98','facere','98'),
('99','at','99'),
('100','ut','100'); 


DROP TABLE IF EXISTS `photos`;
CREATE TABLE `photos` (
  `id` bigint(20) unsigned NOT NULL AUTO_INCREMENT,
  `album_id` bigint(20) unsigned NOT NULL,
  `media_id` bigint(20) unsigned NOT NULL,
  PRIMARY KEY (`id`),
  KEY `album_id` (`album_id`),
  KEY `media_id` (`media_id`),
  CONSTRAINT `photos_ibfk_1` FOREIGN KEY (`album_id`) REFERENCES `photo_albums` (`id`),
  CONSTRAINT `photos_ibfk_2` FOREIGN KEY (`media_id`) REFERENCES `media` (`id`)
) ENGINE=InnoDB AUTO_INCREMENT=101 DEFAULT CHARSET=utf8 COLLATE=utf8_unicode_ci;

INSERT INTO `photos` VALUES ('1','1','1'),
('2','2','2'),
('3','3','3'),
('4','4','4'),
('5','5','5'),
('6','6','6'),
('7','7','7'),
('8','8','8'),
('9','9','9'),
('10','10','10'),
('11','11','11'),
('12','12','12'),
('13','13','13'),
('14','14','14'),
('15','15','15'),
('16','16','16'),
('17','17','17'),
('18','18','18'),
('19','19','19'),
('20','20','20'),
('21','21','21'),
('22','22','22'),
('23','23','23'),
('24','24','24'),
('25','25','25'),
('26','26','26'),
('27','27','27'),
('28','28','28'),
('29','29','29'),
('30','30','30'),
('31','31','31'),
('32','32','32'),
('33','33','33'),
('34','34','34'),
('35','35','35'),
('36','36','36'),
('37','37','37'),
('38','38','38'),
('39','39','39'),
('40','40','40'),
('41','41','41'),
('42','42','42'),
('43','43','43'),
('44','44','44'),
('45','45','45'),
('46','46','46'),
('47','47','47'),
('48','48','48'),
('49','49','49'),
('50','50','50'),
('51','51','51'),
('52','52','52'),
('53','53','53'),
('54','54','54'),
('55','55','55'),
('56','56','56'),
('57','57','57'),
('58','58','58'),
('59','59','59'),
('60','60','60'),
('61','61','61'),
('62','62','62'),
('63','63','63'),
('64','64','64'),
('65','65','65'),
('66','66','66'),
('67','67','67'),
('68','68','68'),
('69','69','69'),
('70','70','70'),
('71','71','71'),
('72','72','72'),
('73','73','73'),
('74','74','74'),
('75','75','75'),
('76','76','76'),
('77','77','77'),
('78','78','78'),
('79','79','79'),
('80','80','80'),
('81','81','81'),
('82','82','82'),
('83','83','83'),
('84','84','84'),
('85','85','85'),
('86','86','86'),
('87','87','87'),
('88','88','88'),
('89','89','89'),
('90','90','90'),
('91','91','91'),
('92','92','92'),
('93','93','93'),
('94','94','94'),
('95','95','95'),
('96','96','96'),
('97','97','97'),
('98','98','98'),
('99','99','99'),
('100','100','100'); 


DROP TABLE IF EXISTS `profiles`;
CREATE TABLE `profiles` (
  `user_id` bigint(20) unsigned NOT NULL AUTO_INCREMENT,
  `gender` char(1) COLLATE utf8_unicode_ci DEFAULT NULL,
  `birthday` date DEFAULT NULL,
  `photo_id` bigint(20) unsigned DEFAULT NULL,
  `created_at` datetime DEFAULT current_timestamp(),
  `hometown` varchar(100) COLLATE utf8_unicode_ci DEFAULT NULL,
  PRIMARY KEY (`user_id`),
  CONSTRAINT `profiles_ibfk_1` FOREIGN KEY (`user_id`) REFERENCES `users` (`id`) ON UPDATE CASCADE
) ENGINE=InnoDB AUTO_INCREMENT=101 DEFAULT CHARSET=utf8 COLLATE=utf8_unicode_ci;

INSERT INTO `profiles` VALUES ('1',NULL,'2014-01-25','1','2012-07-11 11:32:40',NULL),
('2',NULL,'1981-10-11','2','2013-09-06 02:54:15',NULL),
('3',NULL,'1981-01-19','3','1975-09-26 06:34:10',NULL),
('4',NULL,'2017-07-29','4','1981-03-24 13:00:13',NULL),
('5',NULL,'1999-09-08','5','1998-04-19 05:08:06',NULL),
('6',NULL,'2015-06-15','6','1989-05-19 13:11:21',NULL),
('7',NULL,'2018-01-06','7','1999-01-04 19:17:09',NULL),
('8',NULL,'2006-01-30','8','1999-07-04 14:11:08',NULL),
('9',NULL,'1995-01-15','9','1988-08-14 19:29:07',NULL),
('10',NULL,'1974-02-22','10','1983-01-19 17:31:18',NULL),
('11',NULL,'2013-02-20','11','2015-10-30 15:33:59',NULL),
('12',NULL,'2003-09-01','12','2005-03-02 21:43:23',NULL),
('13',NULL,'1977-04-10','13','1982-01-28 00:43:53',NULL),
('14',NULL,'1992-07-19','14','2019-09-05 11:38:27',NULL),
('15',NULL,'1971-03-25','15','2005-02-22 02:32:51',NULL),
('16',NULL,'1973-02-12','16','1989-03-06 23:58:29',NULL),
('17',NULL,'1991-03-27','17','1988-02-11 19:03:56',NULL),
('18',NULL,'1978-12-09','18','1986-09-18 01:20:24',NULL),
('19',NULL,'2009-06-06','19','2004-05-26 15:31:14',NULL),
('20',NULL,'1992-03-13','20','1991-04-09 16:11:44',NULL),
('21',NULL,'2016-05-25','21','2001-02-12 06:02:37',NULL),
('22',NULL,'1981-04-28','22','1991-02-11 05:24:56',NULL),
('23',NULL,'2018-10-30','23','2010-04-24 09:15:05',NULL),
('24',NULL,'1972-01-22','24','2007-11-06 07:32:37',NULL),
('25',NULL,'1988-08-10','25','1997-11-28 04:17:24',NULL),
('26',NULL,'1986-10-04','26','1982-08-30 17:05:13',NULL),
('27',NULL,'1987-10-18','27','1991-07-22 04:51:17',NULL),
('28',NULL,'2006-02-11','28','2000-09-01 01:06:32',NULL),
('29',NULL,'2018-06-03','29','1980-01-29 20:18:36',NULL),
('30',NULL,'1985-05-03','30','1991-07-04 08:17:54',NULL),
('31',NULL,'1995-02-03','31','2010-06-07 08:39:58',NULL),
('32',NULL,'2013-03-05','32','2011-08-08 08:05:38',NULL),
('33',NULL,'2011-09-10','33','2001-07-21 01:12:31',NULL),
('34',NULL,'1992-12-06','34','2009-06-08 07:42:28',NULL),
('35',NULL,'1989-07-23','35','1988-09-05 15:34:43',NULL),
('36',NULL,'1976-05-06','36','1991-05-07 18:41:25',NULL),
('37',NULL,'1997-04-05','37','1976-07-28 11:08:13',NULL),
('38',NULL,'2010-04-16','38','1987-10-11 18:39:56',NULL),
('39',NULL,'1978-09-12','39','2008-02-17 18:13:50',NULL),
('40',NULL,'1987-01-08','40','1979-02-19 10:02:30',NULL),
('41',NULL,'1992-12-02','41','2016-10-07 05:53:17',NULL),
('42',NULL,'1997-05-18','42','2000-10-13 04:33:38',NULL),
('43',NULL,'1998-01-29','43','1992-07-08 17:19:35',NULL),
('44',NULL,'2014-07-11','44','1971-04-22 21:42:12',NULL),
('45',NULL,'2012-08-10','45','1996-02-25 19:57:18',NULL),
('46',NULL,'1976-08-26','46','1993-06-30 12:42:08',NULL),
('47',NULL,'1999-11-01','47','2004-05-25 07:31:50',NULL),
('48',NULL,'1976-12-31','48','1981-10-27 21:29:29',NULL),
('49',NULL,'1990-01-26','49','1980-02-06 05:42:29',NULL),
('50',NULL,'1971-12-10','50','1980-02-01 04:39:40',NULL),
('51',NULL,'2011-07-19','51','2010-12-30 15:32:21',NULL),
('52',NULL,'2016-08-18','52','2000-11-24 12:18:25',NULL),
('53',NULL,'2005-11-23','53','1992-07-25 13:43:49',NULL),
('54',NULL,'1992-03-15','54','1994-05-08 01:54:48',NULL),
('55',NULL,'1985-07-06','55','1993-06-22 02:53:28',NULL),
('56',NULL,'1981-07-14','56','1987-09-29 00:28:32',NULL),
('57',NULL,'1991-10-18','57','1990-09-16 16:36:22',NULL),
('58',NULL,'2008-12-02','58','2005-01-27 09:14:18',NULL),
('59',NULL,'2009-10-17','59','1999-09-26 20:35:41',NULL),
('60',NULL,'2014-08-28','60','1981-05-07 15:01:51',NULL),
('61',NULL,'1989-10-25','61','2019-01-03 22:16:46',NULL),
('62',NULL,'2007-03-05','62','1972-10-15 11:52:36',NULL),
('63',NULL,'1996-12-03','63','2011-11-12 13:23:26',NULL),
('64',NULL,'2001-09-14','64','2008-01-13 07:28:48',NULL),
('65',NULL,'2006-11-29','65','1990-10-04 22:21:28',NULL),
('66',NULL,'1973-11-27','66','1995-06-05 18:23:32',NULL),
('67',NULL,'1979-03-02','67','1980-03-21 19:11:39',NULL),
('68',NULL,'1973-08-02','68','1987-04-03 22:53:23',NULL),
('69',NULL,'1990-07-25','69','2007-04-04 04:15:06',NULL),
('70',NULL,'1984-10-06','70','1979-06-26 20:48:43',NULL),
('71',NULL,'1988-04-18','71','1998-07-15 01:17:40',NULL),
('72',NULL,'1990-09-09','72','1996-02-20 14:05:31',NULL),
('73',NULL,'1984-10-20','73','2019-04-28 17:50:55',NULL),
('74',NULL,'1978-09-10','74','1997-02-07 13:27:32',NULL),
('75',NULL,'1986-06-20','75','2000-07-23 06:43:52',NULL),
('76',NULL,'1979-05-17','76','2016-08-19 16:47:53',NULL),
('77',NULL,'1975-11-26','77','1990-03-18 06:40:04',NULL),
('78',NULL,'1999-07-28','78','1978-01-29 11:18:42',NULL),
('79',NULL,'1999-05-12','79','2011-11-28 22:15:52',NULL),
('80',NULL,'2013-11-24','80','1995-04-15 14:16:13',NULL),
('81',NULL,'1987-06-30','81','1991-12-17 13:58:04',NULL),
('82',NULL,'1992-12-20','82','2019-08-21 09:40:19',NULL),
('83',NULL,'1997-09-17','83','1983-08-26 12:06:00',NULL),
('84',NULL,'1998-03-05','84','2014-01-26 06:12:24',NULL),
('85',NULL,'2009-11-25','85','2002-05-26 07:04:00',NULL),
('86',NULL,'1979-09-21','86','2010-02-25 22:53:07',NULL),
('87',NULL,'1994-12-07','87','2011-07-03 07:30:28',NULL),
('88',NULL,'1974-05-24','88','2001-08-24 17:26:43',NULL),
('89',NULL,'2016-10-02','89','1993-06-12 04:30:00',NULL),
('90',NULL,'1978-04-10','90','1994-01-01 02:43:31',NULL),
('91',NULL,'2007-05-22','91','1974-02-03 08:08:32',NULL),
('92',NULL,'2016-04-16','92','2004-08-17 12:18:38',NULL),
('93',NULL,'1989-03-23','93','1973-01-24 03:55:53',NULL),
('94',NULL,'1993-05-26','94','1973-05-24 01:24:07',NULL),
('95',NULL,'2000-12-18','95','2019-08-24 14:24:00',NULL),
('96',NULL,'2016-07-18','96','1979-11-06 15:29:27',NULL),
('97',NULL,'2002-09-10','97','2013-11-08 02:53:38',NULL),
('98',NULL,'1991-10-27','98','1987-12-01 11:47:15',NULL),
('99',NULL,'2004-12-05','99','1983-10-05 13:40:55',NULL),
('100',NULL,'1990-05-26','100','2009-09-11 15:57:04',NULL); 





DROP TABLE IF EXISTS `users_communities`;
CREATE TABLE `users_communities` (
  `user_id` bigint(20) unsigned NOT NULL,
  `community_id` bigint(20) unsigned NOT NULL,
  PRIMARY KEY (`user_id`,`community_id`),
  KEY `community_id` (`community_id`),
  CONSTRAINT `users_communities_ibfk_1` FOREIGN KEY (`user_id`) REFERENCES `users` (`id`),
  CONSTRAINT `users_communities_ibfk_2` FOREIGN KEY (`community_id`) REFERENCES `communities` (`id`)
) ENGINE=InnoDB DEFAULT CHARSET=utf8 COLLATE=utf8_unicode_ci;

INSERT INTO `users_communities` VALUES ('1','1'),
('2','2'),
('3','3'),
('4','4'),
('5','5'),
('6','6'),
('7','7'),
('8','8'),
('9','9'),
('10','10'),
('11','11'),
('12','12'),
('13','13'),
('14','14'),
('15','15'),
('16','16'),
('17','17'),
('18','18'),
('19','19'),
('20','20'),
('21','21'),
('22','22'),
('23','23'),
('24','24'),
('25','25'),
('26','26'),
('27','27'),
('28','28'),
('29','29'),
('30','30'),
('31','31'),
('32','32'),
('33','33'),
('34','34'),
('35','35'),
('36','36'),
('37','37'),
('38','38'),
('39','39'),
('40','40'),
('41','41'),
('42','42'),
('43','43'),
('44','44'),
('45','45'),
('46','46'),
('47','47'),
('48','48'),
('49','49'),
('50','50'),
('51','51'),
('52','52'),
('53','53'),
('54','54'),
('55','55'),
('56','56'),
('57','57'),
('58','58'),
('59','59'),
('60','60'),
('61','61'),
('62','62'),
('63','63'),
('64','64'),
('65','65'),
('66','66'),
('67','67'),
('68','68'),
('69','69'),
('70','70'),
('71','71'),
('72','72'),
('73','73'),
('74','74'),
('75','75'),
('76','76'),
('77','77'),
('78','78'),
('79','79'),
('80','80'),
('81','81'),
('82','82'),
('83','83'),
('84','84'),
('85','85'),
('86','86'),
('87','87'),
('88','88'),
('89','89'),
('90','90'),
('91','91'),
('92','92'),
('93','93'),
('94','94'),
('95','95'),
('96','96'),
('97','97'),
('98','98'),
('99','99'),
('100','100'); 


